n_objetivos,problema,indicador,hiperparam_ind_conv,p-value_Friedman,Medias_Distintas
2,DTLZ1,eps+,IGD+,0.8419691151811232,0
2,DTLZ1,eps+,R2,0.5616670283345775,0
2,DTLZ1,hv,IGD+,0.2986647867616229,0
2,DTLZ1,hv,R2,0.09622162843510612,0
2,DTLZ1,igd,IGD+,0.1402211569276782,0
2,DTLZ1,igd,R2,0.17216389327626838,0
2,DTLZ1,igd+,IGD+,0.6678436005308571,0
2,DTLZ1,igd+,R2,0.07237644160405919,0
2,DTLZ1,r2,IGD+,0.4828978275493988,0
2,DTLZ1,r2,R2,0.07476726647858867,0
2,DTLZ1,s-energy,IGD+,0.23507003369761884,0
2,DTLZ1,s-energy,R2,0.22469016026867455,0
2,DTLZ1,spd,IGD+,0.3660801754713591,0
2,DTLZ1,spd,R2,0.13339324406323308,0
2,DTLZ2,eps+,IGD+,0.12749016081015713,0
2,DTLZ2,eps+,R2,0.5030424650508698,0
2,DTLZ2,hv,IGD+,0.12764317522676696,0
2,DTLZ2,hv,R2,0.20816952297152,0
2,DTLZ2,igd,IGD+,0.5792370378980345,0
2,DTLZ2,igd,R2,0.8243437620969043,0
2,DTLZ2,igd+,IGD+,0.4517295247870906,0
2,DTLZ2,igd+,R2,0.47791481154594506,0
2,DTLZ2,r2,IGD+,0.7117692300062872,0
2,DTLZ2,r2,R2,0.96413034748594,0
2,DTLZ2,s-energy,IGD+,0.00954082126343029,1
2,DTLZ2,s-energy,R2,0.31532122330195267,0
2,DTLZ2,spd,IGD+,0.00017191812126630832,1
2,DTLZ2,spd,R2,0.42751586842256817,0
2,DTLZ3,eps+,IGD+,0.2742542348229948,0
2,DTLZ3,eps+,R2,0.5651718732760374,0
2,DTLZ3,hv,IGD+,0.6093082907614024,0
2,DTLZ3,hv,R2,0.6270608793359845,0
2,DTLZ3,igd,IGD+,0.520069101895909,0
2,DTLZ3,igd,R2,0.3850575440704928,0
2,DTLZ3,igd+,IGD+,0.6448169892321155,0
2,DTLZ3,igd+,R2,0.7012155844314465,0
2,DTLZ3,r2,IGD+,0.12305349688966903,0
2,DTLZ3,r2,R2,0.49292878956716424,0
2,DTLZ3,s-energy,IGD+,0.0634810284056652,0
2,DTLZ3,s-energy,R2,0.12119271728486562,0
2,DTLZ3,spd,IGD+,0.5286560497148146,0
2,DTLZ3,spd,R2,0.6244836944212682,0
2,DTLZ4,eps+,IGD+,0.9194053076177024,0
2,DTLZ4,eps+,R2,0.9659844445135505,0
2,DTLZ4,hv,IGD+,0.5778797586656585,0
2,DTLZ4,hv,R2,0.5484892616008233,0
2,DTLZ4,igd,IGD+,0.30829036482007,0
2,DTLZ4,igd,R2,0.5933634832419624,0
2,DTLZ4,igd+,IGD+,0.7438918225307217,0
2,DTLZ4,igd+,R2,0.5757143703378464,0
2,DTLZ4,r2,IGD+,0.808555332153509,0
2,DTLZ4,r2,R2,0.7108312003535339,0
2,DTLZ4,s-energy,IGD+,0.9519122077847088,0
2,DTLZ4,s-energy,R2,0.6819482899992707,0
2,DTLZ4,spd,IGD+,0.1537865102693635,0
2,DTLZ4,spd,R2,0.033160721790815986,1
2,DTLZ5,eps+,IGD+,0.014469193502137156,1
2,DTLZ5,eps+,R2,0.5286560497148146,0
2,DTLZ5,hv,IGD+,0.12764317522676696,0
2,DTLZ5,hv,R2,0.20816952297152,0
2,DTLZ5,igd,IGD+,0.11516273684927149,0
2,DTLZ5,igd,R2,0.8273320119243487,0
2,DTLZ5,igd+,IGD+,0.31793872200602924,0
2,DTLZ5,igd+,R2,0.7339985587622195,0
2,DTLZ5,r2,IGD+,0.7117692300062872,0
2,DTLZ5,r2,R2,0.96413034748594,0
2,DTLZ5,s-energy,IGD+,0.00954082126343029,1
2,DTLZ5,s-energy,R2,0.31532122330195267,0
2,DTLZ5,spd,IGD+,0.00017191812126630832,1
2,DTLZ5,spd,R2,0.42751586842256817,0
2,DTLZ6,eps+,IGD+,0.10441347491058642,0
2,DTLZ6,eps+,R2,0.6475756333509352,0
2,DTLZ6,hv,IGD+,4.7168756834394785e-06,1
2,DTLZ6,hv,R2,0.10081197585907771,0
2,DTLZ6,igd,IGD+,0.04968764543691884,1
2,DTLZ6,igd,R2,0.12813492825839792,0
2,DTLZ6,igd+,IGD+,0.05714887926630052,0
2,DTLZ6,igd+,R2,0.533829967264868,0
2,DTLZ6,r2,IGD+,0.44850499385298925,0
2,DTLZ6,r2,R2,0.4381005615627159,0
2,DTLZ6,s-energy,IGD+,1.643879548174479e-06,1
2,DTLZ6,s-energy,R2,0.5722581546063099,0
2,DTLZ6,spd,IGD+,6.027743259757537e-11,1
2,DTLZ6,spd,R2,0.6791483016670758,0
2,DTLZ7,eps+,IGD+,0.33255040524659063,0
2,DTLZ7,eps+,R2,0.494608786084793,0
2,DTLZ7,hv,IGD+,0.0009538171588182057,1
2,DTLZ7,hv,R2,0.932271488070059,0
2,DTLZ7,igd,IGD+,0.2649026715355561,0
2,DTLZ7,igd,R2,0.4200068841313377,0
2,DTLZ7,igd+,IGD+,0.12181029165685939,0
2,DTLZ7,igd+,R2,0.16970006611241173,0
2,DTLZ7,r2,IGD+,0.5652308871315894,0
2,DTLZ7,r2,R2,0.9474699867192558,0
2,DTLZ7,s-energy,IGD+,0.3285544946509545,0
2,DTLZ7,s-energy,R2,0.8875046469000828,0
2,DTLZ7,spd,IGD+,0.938135419357162,0
2,DTLZ7,spd,R2,0.931513090196507,0
2,WFG1,eps+,IGD+,0.6749039998744133,0
2,WFG1,eps+,R2,0.6896424191986416,0
2,WFG1,hv,IGD+,0.7509167549142981,0
2,WFG1,hv,R2,0.501831199220762,0
2,WFG1,igd,IGD+,0.8091164318953683,0
2,WFG1,igd,R2,0.6232374403958951,0
2,WFG1,igd+,IGD+,0.8091164318953683,0
2,WFG1,igd+,R2,0.6232374403958951,0
2,WFG1,r2,IGD+,0.7254449533096043,0
2,WFG1,r2,R2,0.7698883600054542,0
2,WFG1,s-energy,IGD+,0.17973022826769827,0
2,WFG1,s-energy,R2,0.26795910354538843,0
2,WFG1,spd,IGD+,0.7773671597597592,0
2,WFG1,spd,R2,0.29014279918049035,0
2,WFG2,eps+,IGD+,0.3603580865981772,0
2,WFG2,eps+,R2,0.5030424650508698,0
2,WFG2,hv,IGD+,0.3850575440704928,0
2,WFG2,hv,R2,0.6120506293633245,0
2,WFG2,igd,IGD+,0.4828978275493988,0
2,WFG2,igd,R2,0.7642456087992052,0
2,WFG2,igd+,IGD+,0.35751800242792553,0
2,WFG2,igd+,R2,0.6022162884437194,0
2,WFG2,r2,IGD+,0.18144760799192386,0
2,WFG2,r2,R2,0.14162138041667013,0
2,WFG2,s-energy,IGD+,0.3646444313050948,0
2,WFG2,s-energy,R2,0.5529275789151552,0
2,WFG2,spd,IGD+,0.535558074584856,0
2,WFG2,spd,R2,0.08874022056347779,0
2,WFG3,eps+,IGD+,0.8656017120910876,0
2,WFG3,eps+,R2,0.8274863897821918,0
2,WFG3,hv,IGD+,0.45821186822779936,0
2,WFG3,hv,R2,0.5391123317210066,0
2,WFG3,igd,IGD+,0.2826301910937099,0
2,WFG3,igd,R2,0.5390658098752173,0
2,WFG3,igd+,IGD+,0.32721480222856064,0
2,WFG3,igd+,R2,0.5608485178728014,0
2,WFG3,r2,IGD+,0.6784283211363324,0
2,WFG3,r2,R2,0.5183939450614333,0
2,WFG3,s-energy,IGD+,0.5303789284214753,0
2,WFG3,s-energy,R2,0.7880077126094068,0
2,WFG3,spd,IGD+,0.5321035763747151,0
2,WFG3,spd,R2,0.09647448961787673,0
2,WFG4,eps+,IGD+,6.871941225931651e-10,1
2,WFG4,eps+,R2,0.12359704997610782,0
2,WFG4,hv,IGD+,0.0003555981537931496,1
2,WFG4,hv,R2,0.2986647867616229,0
2,WFG4,igd,IGD+,0.05025025388100221,0
2,WFG4,igd,R2,0.11694413141228194,0
2,WFG4,igd+,IGD+,3.185734912466419e-07,1
2,WFG4,igd+,R2,0.13406317632155884,0
2,WFG4,r2,IGD+,0.15175390907620906,0
2,WFG4,r2,R2,0.3518800313680232,0
2,WFG4,s-energy,IGD+,0.31793872200602924,0
2,WFG4,s-energy,R2,0.02840447181862338,1
2,WFG4,spd,IGD+,0.0310200484789453,1
2,WFG4,spd,R2,0.4357209332113906,0
2,WFG5,eps+,IGD+,0.4121763693211579,0
2,WFG5,eps+,R2,0.898370869390782,0
2,WFG5,hv,IGD+,0.2766289377167064,0
2,WFG5,hv,R2,0.8812519847850625,0
2,WFG5,igd,IGD+,0.6022162884437194,0
2,WFG5,igd,R2,0.9655324056309003,0
2,WFG5,igd+,IGD+,0.7559379344600048,0
2,WFG5,igd+,R2,0.9465230405994278,0
2,WFG5,r2,IGD+,0.5183573801131488,0
2,WFG5,r2,R2,0.8341375405394627,0
2,WFG5,s-energy,IGD+,0.14953333720064657,0
2,WFG5,s-energy,R2,0.01625551110071863,1
2,WFG5,spd,IGD+,0.48456371221209493,0
2,WFG5,spd,R2,0.7918530328175131,0
2,WFG6,eps+,IGD+,0.029425127274143252,1
2,WFG6,eps+,R2,0.9075204439244647,0
2,WFG6,hv,IGD+,0.5757143703378448,0
2,WFG6,hv,R2,0.9431527233226779,0
2,WFG6,igd,IGD+,0.520069101895909,0
2,WFG6,igd,R2,0.9075204439244647,0
2,WFG6,igd+,IGD+,0.526934966366956,0
2,WFG6,igd+,R2,0.9431527233226779,0
2,WFG6,r2,IGD+,0.6519121090860713,0
2,WFG6,r2,R2,0.9332707871754453,0
2,WFG6,s-energy,IGD+,0.0006073540755295346,1
2,WFG6,s-energy,R2,0.6270608793359845,0
2,WFG6,spd,IGD+,0.5030424650508698,0
2,WFG6,spd,R2,0.5837135424343564,0
2,WFG7,eps+,IGD+,4.77717397759001e-08,1
2,WFG7,eps+,R2,0.20443914390745616,0
2,WFG7,hv,IGD+,7.494164840708806e-11,1
2,WFG7,hv,R2,0.307502879563918,0
2,WFG7,igd,IGD+,2.490354411034456e-07,1
2,WFG7,igd,R2,0.5748979550995189,0
2,WFG7,igd+,IGD+,4.056504455839485e-11,1
2,WFG7,igd+,R2,0.33052519543742365,0
2,WFG7,r2,IGD+,7.804566741485591e-07,1
2,WFG7,r2,R2,0.40154169607530676,0
2,WFG7,s-energy,IGD+,0.018923591049118536,1
2,WFG7,s-energy,R2,0.9719009366821382,0
2,WFG7,spd,IGD+,0.183178185522792,0
2,WFG7,spd,R2,0.8543025166496045,0
2,WFG8,eps+,IGD+,0.813733379281679,0
2,WFG8,eps+,R2,0.14374366312746756,0
2,WFG8,hv,IGD+,0.8121989272314252,0
2,WFG8,hv,R2,0.31271834985668345,0
2,WFG8,igd,IGD+,0.28142256734213744,0
2,WFG8,igd,R2,0.2707198032035874,0
2,WFG8,igd+,IGD+,0.7609319475432558,0
2,WFG8,igd+,R2,0.514939804931829,0
2,WFG8,r2,IGD+,0.4076574431384801,0
2,WFG8,r2,R2,0.4184522483073809,0
2,WFG8,s-energy,IGD+,0.45334597632184237,0
2,WFG8,s-energy,R2,0.28627518598999735,0
2,WFG8,spd,IGD+,0.19023352452767964,0
2,WFG8,spd,R2,0.3258787372196052,0
2,WFG9,eps+,IGD+,0.00016486664434021034,1
2,WFG9,eps+,R2,0.8735383545534665,0
2,WFG9,hv,IGD+,0.6749039998744133,0
2,WFG9,hv,R2,0.6412672545672066,0
2,WFG9,igd,IGD+,0.015384899362472473,1
2,WFG9,igd,R2,0.9674061547149112,0
2,WFG9,igd+,IGD+,0.39250865286740144,0
2,WFG9,igd+,R2,0.6907270157309062,0
2,WFG9,r2,IGD+,0.7441816473066594,0
2,WFG9,r2,R2,0.7305841522998219,0
2,WFG9,s-energy,IGD+,0.08018962022194662,0
2,WFG9,s-energy,R2,0.3518800313680232,0
2,WFG9,spd,IGD+,0.5081288136377914,0
2,WFG9,spd,R2,0.8273320119243487,0
3,DTLZ1,eps+,IGD+,0.05025025388100221,0
3,DTLZ1,eps+,R2,0.21863332479943626,0
3,DTLZ1,hv,IGD+,0.7708337087158517,0
3,DTLZ1,hv,R2,0.22265702777397273,0
3,DTLZ1,igd,IGD+,0.07517249691550683,0
3,DTLZ1,igd,R2,0.7288733876330391,0
3,DTLZ1,igd+,IGD+,0.7305841522998219,0
3,DTLZ1,igd+,R2,0.46637574672555415,0
3,DTLZ1,r2,IGD+,0.9265168434283861,0
3,DTLZ1,r2,R2,0.9063977139534244,0
3,DTLZ1,s-energy,IGD+,0.1093920787536362,0
3,DTLZ1,s-energy,R2,0.7658976027886188,0
3,DTLZ1,spd,IGD+,0.6801888700470123,0
3,DTLZ1,spd,R2,0.9097449473263532,0
3,DTLZ2,eps+,IGD+,0.3114224040373084,0
3,DTLZ2,eps+,R2,0.8682715941023049,0
3,DTLZ2,hv,IGD+,1.1451344406370338e-09,1
3,DTLZ2,hv,R2,0.511530218142104,0
3,DTLZ2,igd,IGD+,1.7547828323334725e-08,1
3,DTLZ2,igd,R2,0.21863332479943626,0
3,DTLZ2,igd+,IGD+,6.254322008639841e-07,1
3,DTLZ2,igd+,R2,0.9635933389989179,0
3,DTLZ2,r2,IGD+,0.006734390245241804,1
3,DTLZ2,r2,R2,0.04968764543691884,1
3,DTLZ2,s-energy,IGD+,2.155530217983223e-14,1
3,DTLZ2,s-energy,R2,0.9648933287801182,0
3,DTLZ2,spd,IGD+,4.081438913272958e-09,1
3,DTLZ2,spd,R2,0.2718942653189555,0
3,DTLZ3,eps+,IGD+,0.767546313514667,0
3,DTLZ3,eps+,R2,0.04913077165360104,1
3,DTLZ3,hv,IGD+,0.1128238112367579,0
3,DTLZ3,hv,R2,0.35751800242792553,0
3,DTLZ3,igd,IGD+,0.203100303695133,0
3,DTLZ3,igd,R2,0.36896206243976976,0
3,DTLZ3,igd+,IGD+,0.10067809353869536,0
3,DTLZ3,igd+,R2,0.40460176525328817,0
3,DTLZ3,r2,IGD+,0.05778749191694833,0
3,DTLZ3,r2,R2,0.47791481154594506,0
3,DTLZ3,s-energy,IGD+,1.4658192092827554e-09,1
3,DTLZ3,s-energy,R2,0.4388995799308243,0
3,DTLZ3,spd,IGD+,0.006197111010122817,1
3,DTLZ3,spd,R2,0.35893629190705206,0
3,DTLZ4,eps+,IGD+,0.5920670590615815,0
3,DTLZ4,eps+,R2,0.07740904775066591,0
3,DTLZ4,hv,IGD+,0.008737513433445391,1
3,DTLZ4,hv,R2,0.49279097231320157,0
3,DTLZ4,igd,IGD+,0.020410489909349284,1
3,DTLZ4,igd,R2,0.15721532609839947,0
3,DTLZ4,igd+,IGD+,0.11160359080702993,0
3,DTLZ4,igd+,R2,0.6615662718056643,0
3,DTLZ4,r2,IGD+,0.23425015690808712,0
3,DTLZ4,r2,R2,0.2382260793763864,0
3,DTLZ4,s-energy,IGD+,0.001664512981412686,1
3,DTLZ4,s-energy,R2,0.5596403363921236,0
3,DTLZ4,spd,IGD+,0.0019331351682654039,1
3,DTLZ4,spd,R2,0.7161265240678544,0
3,DTLZ5,eps+,IGD+,0.17717878724448227,0
3,DTLZ5,eps+,R2,0.5651718732760374,0
3,DTLZ5,hv,IGD+,0.6882112662057229,0
3,DTLZ5,hv,R2,0.8518984802829435,0
3,DTLZ5,igd,IGD+,0.4614694010431025,0
3,DTLZ5,igd,R2,0.38654109249987867,0
3,DTLZ5,igd+,IGD+,0.8013328971958117,0
3,DTLZ5,igd+,R2,0.7391017060103073,0
3,DTLZ5,r2,IGD+,0.7458695993863216,0
3,DTLZ5,r2,R2,0.7741074416228155,0
3,DTLZ5,s-energy,IGD+,0.2059448436897048,0
3,DTLZ5,s-energy,R2,0.3117563767663133,0
3,DTLZ5,spd,IGD+,0.42782615000881274,0
3,DTLZ5,spd,R2,0.8825154157214551,0
3,DTLZ6,eps+,IGD+,0.7185616810159069,0
3,DTLZ6,eps+,R2,0.8183090461342817,0
3,DTLZ6,hv,IGD+,0.6558602891520934,0
3,DTLZ6,hv,R2,0.7886607291693843,0
3,DTLZ6,igd,IGD+,0.986102517454306,0
3,DTLZ6,igd,R2,0.5774752090800088,0
3,DTLZ6,igd+,IGD+,0.5599164893046426,0
3,DTLZ6,igd+,R2,0.2524278934883721,0
3,DTLZ6,r2,IGD+,0.5759708960270609,0
3,DTLZ6,r2,R2,0.09306318545457104,0
3,DTLZ6,s-energy,IGD+,0.34491221370184133,0
3,DTLZ6,s-energy,R2,0.1754941664777955,0
3,DTLZ6,spd,IGD+,0.48293721089762665,0
3,DTLZ6,spd,R2,0.7492371972100742,0
3,DTLZ7,eps+,IGD+,0.2887236192048389,0
3,DTLZ7,eps+,R2,0.3791570091897386,0
3,DTLZ7,hv,IGD+,0.057086351352027165,0
3,DTLZ7,hv,R2,0.9987231226125471,0
3,DTLZ7,igd,IGD+,0.29242391984588567,0
3,DTLZ7,igd,R2,0.7081759494721875,0
3,DTLZ7,igd+,IGD+,0.0073627123654515444,1
3,DTLZ7,igd+,R2,0.7997632817866112,0
3,DTLZ7,r2,IGD+,0.1128238112367579,0
3,DTLZ7,r2,R2,0.5252157042926542,0
3,DTLZ7,s-energy,IGD+,0.6075346136757329,0
3,DTLZ7,s-energy,R2,0.3660801754713591,0
3,DTLZ7,spd,IGD+,0.8850229903188622,0
3,DTLZ7,spd,R2,0.6819482899992684,0
3,WFG1,eps+,IGD+,3.606351532501685e-05,1
3,WFG1,eps+,R2,0.015884041839161343,1
3,WFG1,hv,IGD+,0.008253104401659005,1
3,WFG1,hv,R2,0.00029538183103752487,1
3,WFG1,igd,IGD+,0.002933365260987079,1
3,WFG1,igd,R2,6.246923076563954e-05,1
3,WFG1,igd+,IGD+,0.004178906717977942,1
3,WFG1,igd+,R2,8.010265490684495e-05,1
3,WFG1,r2,IGD+,0.011296396831699028,1
3,WFG1,r2,R2,0.6655012018301915,0
3,WFG1,s-energy,IGD+,0.1374555415374606,0
3,WFG1,s-energy,R2,0.6579966278966629,0
3,WFG1,spd,IGD+,0.16888520571125407,0
3,WFG1,spd,R2,0.7606118869464875,0
3,WFG2,eps+,IGD+,0.04049422767374154,1
3,WFG2,eps+,R2,0.2546630914367433,0
3,WFG2,hv,IGD+,0.40612800157256457,0
3,WFG2,hv,R2,0.11052585569428726,0
3,WFG2,igd,IGD+,0.49125109121481536,0
3,WFG2,igd,R2,0.3490822482455739,0
3,WFG2,igd+,IGD+,0.0735632078781476,0
3,WFG2,igd+,R2,0.16169440878219607,0
3,WFG2,r2,IGD+,0.3660801754713591,0
3,WFG2,r2,R2,0.3646444313050948,0
3,WFG2,s-energy,IGD+,0.7708337087158517,0
3,WFG2,s-energy,R2,0.04776335031404532,1
3,WFG2,spd,IGD+,0.8983451559470599,0
3,WFG2,spd,R2,0.5183573801131488,0
3,WFG3,eps+,IGD+,0.03757737241730289,1
3,WFG3,eps+,R2,0.5149747331831619,0
3,WFG3,hv,IGD+,0.6270608793359845,0
3,WFG3,hv,R2,0.5564741519612408,0
3,WFG3,igd,IGD+,0.7559379344600048,0
3,WFG3,igd,R2,0.8603460529600582,0
3,WFG3,igd+,IGD+,0.0604068387619801,0
3,WFG3,igd+,R2,0.7204126162670599,0
3,WFG3,r2,IGD+,0.26605874517110384,0
3,WFG3,r2,R2,0.6908425693685819,0
3,WFG3,s-energy,IGD+,0.2850565003166312,0
3,WFG3,s-energy,R2,0.434925585965243,0
3,WFG3,spd,IGD+,0.19384172970560196,0
3,WFG3,spd,R2,0.6785388382124116,0
3,WFG4,eps+,IGD+,0.12305349688966903,0
3,WFG4,eps+,R2,0.9969470249520146,0
3,WFG4,hv,IGD+,1.691449736656127e-11,1
3,WFG4,hv,R2,0.6080963595672313,0
3,WFG4,igd,IGD+,8.237843619900984e-05,1
3,WFG4,igd,R2,0.08834356500695562,0
3,WFG4,igd+,IGD+,1.1822225108337744e-09,1
3,WFG4,igd+,R2,0.8539126117487545,0
3,WFG4,r2,IGD+,0.01411752242401287,1
3,WFG4,r2,R2,0.5339495441675907,0
3,WFG4,s-energy,IGD+,0.007648797196019701,1
3,WFG4,s-energy,R2,0.18650609129830348,0
3,WFG4,spd,IGD+,0.0005037955197762197,1
3,WFG4,spd,R2,0.20712143955146944,0
3,WFG5,eps+,IGD+,0.9204429516526786,0
3,WFG5,eps+,R2,0.9971086553507686,0
3,WFG5,hv,IGD+,0.04119621211906387,1
3,WFG5,hv,R2,0.7548571919438822,0
3,WFG5,igd,IGD+,9.514891171033437e-07,1
3,WFG5,igd,R2,0.6025479610367797,0
3,WFG5,igd+,IGD+,8.767132258148404e-06,1
3,WFG5,igd+,R2,0.9108231844689929,0
3,WFG5,r2,IGD+,6.254322008639841e-07,1
3,WFG5,r2,R2,0.5921339011827489,0
3,WFG5,s-energy,IGD+,0.00010366576186811587,1
3,WFG5,s-energy,R2,0.11634772641639436,0
3,WFG5,spd,IGD+,0.00013798729571761043,1
3,WFG5,spd,R2,0.5591960538980929,0
3,WFG6,eps+,IGD+,3.2088197097714934e-05,1
3,WFG6,eps+,R2,0.19424086353870046,0
3,WFG6,hv,IGD+,7.387779584227074e-06,1
3,WFG6,hv,R2,0.403026961307766,0
3,WFG6,igd,IGD+,0.0005179706646987629,1
3,WFG6,igd,R2,0.08277915101294177,0
3,WFG6,igd+,IGD+,2.0538050433160578e-07,1
3,WFG6,igd+,R2,0.46378945505191305,0
3,WFG6,r2,IGD+,0.03526158737855813,1
3,WFG6,r2,R2,0.557419351756822,0
3,WFG6,s-energy,IGD+,0.08641559939090207,0
3,WFG6,s-energy,R2,0.6001951916963484,0
3,WFG6,spd,IGD+,0.08874022056347779,0
3,WFG6,spd,R2,0.1406745969249191,0
3,WFG7,eps+,IGD+,0.0634810284056652,0
3,WFG7,eps+,R2,0.806710732222931,0
3,WFG7,hv,IGD+,6.17444268671627e-12,1
3,WFG7,hv,R2,0.3272855605356312,0
3,WFG7,igd,IGD+,0.06854287728336993,0
3,WFG7,igd,R2,0.05872461258863666,0
3,WFG7,igd+,IGD+,1.3921048515477347e-11,1
3,WFG7,igd+,R2,0.34018672247171394,0
3,WFG7,r2,IGD+,0.1402211569276782,0
3,WFG7,r2,R2,0.2758338278517057,0
3,WFG7,s-energy,IGD+,0.0004968506835327324,1
3,WFG7,s-energy,R2,0.6658808123959619,0
3,WFG7,spd,IGD+,0.005664455252497805,1
3,WFG7,spd,R2,0.051574918260306614,0
3,WFG8,eps+,IGD+,5.5146515494612514e-11,1
3,WFG8,eps+,R2,0.5217741305904661,0
3,WFG8,hv,IGD+,2.711643386841415e-13,1
3,WFG8,hv,R2,0.6818599045122884,0
3,WFG8,igd,IGD+,3.506898803242151e-11,1
3,WFG8,igd,R2,0.013763274705734681,1
3,WFG8,igd+,IGD+,4.211095593336931e-14,1
3,WFG8,igd+,R2,0.8553611075384762,0
3,WFG8,r2,IGD+,0.2166426798038845,0
3,WFG8,r2,R2,0.3059989039785549,0
3,WFG8,s-energy,IGD+,0.09208689985050693,0
3,WFG8,s-energy,R2,0.8588227659591856,0
3,WFG8,spd,IGD+,0.035057721181985524,1
3,WFG8,spd,R2,0.3987038445967159,0
3,WFG9,eps+,IGD+,0.009303923180310921,1
3,WFG9,eps+,R2,0.9251619445306711,0
3,WFG9,hv,IGD+,1.7196517478996938e-07,1
3,WFG9,hv,R2,0.3017641593717477,0
3,WFG9,igd,IGD+,0.01255460898429737,1
3,WFG9,igd,R2,0.9310355524253546,0
3,WFG9,igd+,IGD+,3.809597234666789e-08,1
3,WFG9,igd+,R2,0.5141211715828506,0
3,WFG9,r2,IGD+,0.08921168384404195,0
3,WFG9,r2,R2,0.8138859460159567,0
3,WFG9,s-energy,IGD+,0.003715809193486546,1
3,WFG9,s-energy,R2,0.8820381450409969,0
3,WFG9,spd,IGD+,0.002952774979213961,1
3,WFG9,spd,R2,0.9740820663293575,0
4,DTLZ1,eps+,IGD+,0.07806416734828599,0
4,DTLZ1,eps+,R2,0.2546630914367433,0
4,DTLZ1,hv,IGD+,0.15704173975085411,0
4,DTLZ1,hv,R2,0.605761364604656,0
4,DTLZ1,igd,IGD+,0.6252848600900096,0
4,DTLZ1,igd,R2,0.29366472518806047,0
4,DTLZ1,igd+,IGD+,0.5564193263537409,0
4,DTLZ1,igd+,R2,0.471305702675731,0
4,DTLZ1,r2,IGD+,0.4729541794380312,0
4,DTLZ1,r2,R2,0.17633484742498054,0
4,DTLZ1,s-energy,IGD+,0.49125109121481536,0
4,DTLZ1,s-energy,R2,0.56868154082717,0
4,DTLZ1,spd,IGD+,0.3140179571057939,0
4,DTLZ1,spd,R2,0.6678436005308571,0
4,DTLZ2,eps+,IGD+,0.03445262774978486,1
4,DTLZ2,eps+,R2,0.5634188329382535,0
4,DTLZ2,hv,IGD+,3.498231649427178e-10,1
4,DTLZ2,hv,R2,0.8899601485730372,0
4,DTLZ2,igd,IGD+,1.1323052839467343e-07,1
4,DTLZ2,igd,R2,0.45821186822779936,0
4,DTLZ2,igd+,IGD+,7.934315685356947e-10,1
4,DTLZ2,igd+,R2,0.7458695993863216,0
4,DTLZ2,r2,IGD+,0.0024534903023515587,1
4,DTLZ2,r2,R2,0.31793872200602924,0
4,DTLZ2,s-energy,IGD+,5.723675426271551e-15,1
4,DTLZ2,s-energy,R2,0.9440064819385043,0
4,DTLZ2,spd,IGD+,1.9593126760015932e-15,1
4,DTLZ2,spd,R2,0.6270608793359845,0
4,DTLZ3,eps+,IGD+,0.013273343595552977,1
4,DTLZ3,eps+,R2,0.5030424650508698,0
4,DTLZ3,hv,IGD+,0.001982577585001083,1
4,DTLZ3,hv,R2,0.9513548618464941,0
4,DTLZ3,igd,IGD+,0.7029582246456741,0
4,DTLZ3,igd,R2,0.7838431440165834,0
4,DTLZ3,igd+,IGD+,0.0010585925536379932,1
4,DTLZ3,igd+,R2,0.772472304994281,0
4,DTLZ3,r2,IGD+,0.007504453450186206,1
4,DTLZ3,r2,R2,0.7458695993863216,0
4,DTLZ3,s-energy,IGD+,1.1210983075419034e-08,1
4,DTLZ3,s-energy,R2,0.003915184264128182,1
4,DTLZ3,spd,IGD+,5.3996058627660255e-06,1
4,DTLZ3,spd,R2,0.7559379344600048,0
4,DTLZ4,eps+,IGD+,0.34988860282927436,0
4,DTLZ4,eps+,R2,0.92438944819406,0
4,DTLZ4,hv,IGD+,0.0011040817669127718,1
4,DTLZ4,hv,R2,0.2075960902531453,0
4,DTLZ4,igd,IGD+,0.03699242262592158,1
4,DTLZ4,igd,R2,0.6620886625047606,0
4,DTLZ4,igd+,IGD+,0.0015604735463476593,1
4,DTLZ4,igd+,R2,0.9324307513949666,0
4,DTLZ4,r2,IGD+,0.03117384826870106,1
4,DTLZ4,r2,R2,0.27126478850561137,0
4,DTLZ4,s-energy,IGD+,2.0631494287919766e-06,1
4,DTLZ4,s-energy,R2,0.8127396668166442,0
4,DTLZ4,spd,IGD+,1.5964452556165155e-07,1
4,DTLZ4,spd,R2,0.7513252008414893,0
4,DTLZ5,eps+,IGD+,0.14733985104574585,0
4,DTLZ5,eps+,R2,0.8549268805672225,0
4,DTLZ5,hv,IGD+,0.3806270752406285,0
4,DTLZ5,hv,R2,0.07334157420015212,0
4,DTLZ5,igd,IGD+,0.16013107651218086,0
4,DTLZ5,igd,R2,0.2639244187039675,0
4,DTLZ5,igd+,IGD+,0.6110823611536536,0
4,DTLZ5,igd+,R2,0.0899453452048144,0
4,DTLZ5,r2,IGD+,0.7151075356862557,0
4,DTLZ5,r2,R2,0.7525827367480178,0
4,DTLZ5,s-energy,IGD+,0.5252157042926542,0
4,DTLZ5,s-energy,R2,0.04755579939753304,1
4,DTLZ5,spd,IGD+,0.19023352452767964,0
4,DTLZ5,spd,R2,0.13256116896102005,0
4,DTLZ6,eps+,IGD+,0.0604068387619801,0
4,DTLZ6,eps+,R2,0.4746052029735224,0
4,DTLZ6,hv,IGD+,0.5372878716302921,0
4,DTLZ6,hv,R2,0.0666950188200207,0
4,DTLZ6,igd,IGD+,0.45983928605083624,0
4,DTLZ6,igd,R2,0.5098284811091143,0
4,DTLZ6,igd+,IGD+,0.8106599306404725,0
4,DTLZ6,igd+,R2,0.020468493707880914,1
4,DTLZ6,r2,IGD+,0.05496364149510497,0
4,DTLZ6,r2,R2,0.05025025388100221,0
4,DTLZ6,s-energy,IGD+,0.6907270157309062,0
4,DTLZ6,s-energy,R2,0.006079081879075469,1
4,DTLZ6,spd,IGD+,0.4501158582924829,0
4,DTLZ6,spd,R2,0.6924787964884582,0
4,DTLZ7,eps+,IGD+,0.4357209332113906,0
4,DTLZ7,eps+,R2,0.6448169892321155,0
4,DTLZ7,hv,IGD+,0.002894914487376557,1
4,DTLZ7,hv,R2,0.08921168384404195,0
4,DTLZ7,igd,IGD+,0.25020729685115484,0
4,DTLZ7,igd,R2,0.03307804162234858,1
4,DTLZ7,igd+,IGD+,0.0026043402863259527,1
4,DTLZ7,igd+,R2,0.3747672092222703,0
4,DTLZ7,r2,IGD+,0.3646444313050948,0
4,DTLZ7,r2,R2,0.8044593482988034,0
4,DTLZ7,s-energy,IGD+,0.08641559939090207,0
4,DTLZ7,s-energy,R2,0.02307765769509668,1
4,DTLZ7,spd,IGD+,0.035057721181985524,1
4,DTLZ7,spd,R2,0.32321750417116285,0
4,WFG1,eps+,IGD+,0.22673752815037682,0
4,WFG1,eps+,R2,0.07655614555943561,0
4,WFG1,hv,IGD+,0.21763623906241383,0
4,WFG1,hv,R2,0.8659464177052821,0
4,WFG1,igd,IGD+,0.11996558437806044,0
4,WFG1,igd,R2,0.9282231377407596,0
4,WFG1,igd+,IGD+,0.15400177421054165,0
4,WFG1,igd+,R2,0.9318202579881937,0
4,WFG1,r2,IGD+,0.8198248986011661,0
4,WFG1,r2,R2,0.9807101693351326,0
4,WFG1,s-energy,IGD+,0.21565264215894653,0
4,WFG1,s-energy,R2,0.9502566410480656,0
4,WFG1,spd,IGD+,0.1451732416509154,0
4,WFG1,spd,R2,0.5034519564717577,0
4,WFG2,eps+,IGD+,0.11224550177842318,0
4,WFG2,eps+,R2,0.3962262080513444,0
4,WFG2,hv,IGD+,0.9536701916045787,0
4,WFG2,hv,R2,0.2998115708202017,0
4,WFG2,igd,IGD+,0.7081759494721875,0
4,WFG2,igd,R2,0.44209134456758437,0
4,WFG2,igd+,IGD+,0.400042405636916,0
4,WFG2,igd+,R2,0.16994239648737555,0
4,WFG2,r2,IGD+,0.46801646714057843,0
4,WFG2,r2,R2,0.1774366882841237,0
4,WFG2,s-energy,IGD+,0.09604657464248537,0
4,WFG2,s-energy,R2,0.7921499607018384,0
4,WFG2,spd,IGD+,0.26145648392968185,0
4,WFG2,spd,R2,0.2528457534257918,0
4,WFG3,eps+,IGD+,0.772472304994281,0
4,WFG3,eps+,R2,0.5598744015156384,0
4,WFG3,hv,IGD+,0.34491221370184133,0
4,WFG3,hv,R2,0.6092360887752177,0
4,WFG3,igd,IGD+,0.24039470987759273,0
4,WFG3,igd,R2,0.29426060762983625,0
4,WFG3,igd+,IGD+,0.10226451787908623,0
4,WFG3,igd+,R2,0.5616556886410263,0
4,WFG3,r2,IGD+,0.0031538117466547544,1
4,WFG3,r2,R2,0.9357984021110102,0
4,WFG3,s-energy,IGD+,0.19023352452767964,0
4,WFG3,s-energy,R2,0.7412380820917549,0
4,WFG3,spd,IGD+,0.1532494404986245,0
4,WFG3,spd,R2,0.268510216956189,0
4,WFG4,eps+,IGD+,0.48957571281150636,0
4,WFG4,eps+,R2,0.0004568206192546223,1
4,WFG4,hv,IGD+,1.1916797801812506e-09,1
4,WFG4,hv,R2,0.1509724462788927,0
4,WFG4,igd,IGD+,0.00046673848278280957,1
4,WFG4,igd,R2,0.7000712452542948,0
4,WFG4,igd+,IGD+,5.278542793466627e-10,1
4,WFG4,igd+,R2,0.407477600856548,0
4,WFG4,r2,IGD+,6.308166967053806e-05,1
4,WFG4,r2,R2,0.03633773606565581,1
4,WFG4,s-energy,IGD+,0.3366686007235888,0
4,WFG4,s-energy,R2,0.9851271538338814,0
4,WFG4,spd,IGD+,0.31532122330195267,0
4,WFG4,spd,R2,0.9966384511872725,0
4,WFG5,eps+,IGD+,0.17299160788207146,0
4,WFG5,eps+,R2,0.49780961365234255,0
4,WFG5,hv,IGD+,4.8599935755937526e-05,1
4,WFG5,hv,R2,0.023283707282610006,1
4,WFG5,igd,IGD+,0.029598509044612285,1
4,WFG5,igd,R2,0.8889746604868205,0
4,WFG5,igd+,IGD+,4.768310486997458e-11,1
4,WFG5,igd+,R2,0.7396178170856812,0
4,WFG5,r2,IGD+,0.3011869080442584,0
4,WFG5,r2,R2,0.16592584096812107,0
4,WFG5,s-energy,IGD+,0.01759530477805252,1
4,WFG5,s-energy,R2,0.1277353268224452,0
4,WFG5,spd,IGD+,0.06866205768776264,0
4,WFG5,spd,R2,0.10038654291296151,0
4,WFG6,eps+,IGD+,0.2049932066394484,0
4,WFG6,eps+,R2,0.3168927925610998,0
4,WFG6,hv,IGD+,0.006001594649059663,1
4,WFG6,hv,R2,0.987025387097424,0
4,WFG6,igd,IGD+,6.0401175316273255e-06,1
4,WFG6,igd,R2,0.23992899031409,0
4,WFG6,igd+,IGD+,1.669671548064279e-05,1
4,WFG6,igd+,R2,0.3865611092915123,0
4,WFG6,r2,IGD+,0.0017109218062766006,1
4,WFG6,r2,R2,0.9410624640606592,0
4,WFG6,s-energy,IGD+,0.9342062010267114,0
4,WFG6,s-energy,R2,0.3856809458126481,0
4,WFG6,spd,IGD+,0.9698036847647686,0
4,WFG6,spd,R2,0.7413730456165507,0
4,WFG7,eps+,IGD+,0.3380335702411824,0
4,WFG7,eps+,R2,0.8822807691151733,0
4,WFG7,hv,IGD+,5.464510023307083e-12,1
4,WFG7,hv,R2,0.8302344192288804,0
4,WFG7,igd,IGD+,0.0004899993484370201,1
4,WFG7,igd,R2,0.01532691778055339,1
4,WFG7,igd+,IGD+,2.714867936772267e-10,1
4,WFG7,igd+,R2,0.8723644886412618,0
4,WFG7,r2,IGD+,3.971682428850796e-06,1
4,WFG7,r2,R2,0.3990717452711557,0
4,WFG7,s-energy,IGD+,0.006908478332779986,1
4,WFG7,s-energy,R2,0.6501186240060609,0
4,WFG7,spd,IGD+,0.005294003120235532,1
4,WFG7,spd,R2,0.93786756016117,0
4,WFG8,eps+,IGD+,2.2245582563454205e-06,1
4,WFG8,eps+,R2,0.37343084065018584,0
4,WFG8,hv,IGD+,3.518876872075132e-12,1
4,WFG8,hv,R2,0.021760946638804464,1
4,WFG8,igd,IGD+,1.898116280026616e-06,1
4,WFG8,igd,R2,0.9215932967268543,0
4,WFG8,igd+,IGD+,2.667427004490585e-13,1
4,WFG8,igd+,R2,0.0749828863703589,0
4,WFG8,r2,IGD+,0.5217827466361581,0
4,WFG8,r2,R2,0.5682430473566475,0
4,WFG8,s-energy,IGD+,0.5234982892091455,0
4,WFG8,s-energy,R2,0.04383050179198912,1
4,WFG8,spd,IGD+,0.2730080222687214,0
4,WFG8,spd,R2,0.9070255208209588,0
4,WFG9,eps+,IGD+,0.0022354831841974974,1
4,WFG9,eps+,R2,0.7465473163831273,0
4,WFG9,hv,IGD+,3.0892487880797674e-07,1
4,WFG9,hv,R2,0.9885550680400245,0
4,WFG9,igd,IGD+,3.2425279844403717e-06,1
4,WFG9,igd,R2,0.8865467034874452,0
4,WFG9,igd+,IGD+,7.985448477922467e-08,1
4,WFG9,igd+,R2,0.9273976179628947,0
4,WFG9,r2,IGD+,0.019741321606146767,1
4,WFG9,r2,R2,0.8234316863881301,0
4,WFG9,s-energy,IGD+,0.010613147044611172,1
4,WFG9,s-energy,R2,0.9315740540610079,0
4,WFG9,spd,IGD+,0.04730313454123365,1
4,WFG9,spd,R2,0.5526881536452437,0
5,DTLZ1,eps+,IGD+,0.46720809125176066,0
5,DTLZ1,eps+,R2,0.11368041907857807,0
5,DTLZ1,hv,IGD+,0.02852990675784427,1
5,DTLZ1,hv,R2,0.86758396388147,0
5,DTLZ1,igd,IGD+,0.07329420181598986,0
5,DTLZ1,igd,R2,0.864232027231389,0
5,DTLZ1,igd+,IGD+,0.02431215910901807,1
5,DTLZ1,igd+,R2,0.9616342684572586,0
5,DTLZ1,r2,IGD+,0.5996341709061302,0
5,DTLZ1,r2,R2,0.8426395671536131,0
5,DTLZ1,s-energy,IGD+,0.15129829371894485,0
5,DTLZ1,s-energy,R2,0.15477920422102043,0
5,DTLZ1,spd,IGD+,0.06324098129698418,0
5,DTLZ1,spd,R2,0.9633097711783163,0
5,DTLZ2,eps+,IGD+,1.1235630450810289e-07,1
5,DTLZ2,eps+,R2,0.7770648789029478,0
5,DTLZ2,hv,IGD+,4.915411727400357e-12,1
5,DTLZ2,hv,R2,0.34665765621375816,0
5,DTLZ2,igd,IGD+,4.5340699153989175e-10,1
5,DTLZ2,igd,R2,0.24835950096345,0
5,DTLZ2,igd+,IGD+,2.6446282901914567e-12,1
5,DTLZ2,igd+,R2,0.4189782178647614,0
5,DTLZ2,r2,IGD+,0.021606444726982716,1
5,DTLZ2,r2,R2,0.4181922535159385,0
5,DTLZ2,s-energy,IGD+,6.16758703188284e-15,1
5,DTLZ2,s-energy,R2,0.22167272137993893,0
5,DTLZ2,spd,IGD+,3.548595919344466e-16,1
5,DTLZ2,spd,R2,0.088664090508422,0
5,DTLZ3,eps+,IGD+,0.00017204585737626396,1
5,DTLZ3,eps+,R2,0.5969027416891426,0
5,DTLZ3,hv,IGD+,6.655581072388823e-06,1
5,DTLZ3,hv,R2,0.5424871311172987,0
5,DTLZ3,igd,IGD+,0.31793872200602924,0
5,DTLZ3,igd,R2,0.2887236192048389,0
5,DTLZ3,igd+,IGD+,9.443484793009868e-06,1
5,DTLZ3,igd+,R2,0.6039885780774266,0
5,DTLZ3,r2,IGD+,0.46637574672555415,0
5,DTLZ3,r2,R2,0.7918530328175131,0
5,DTLZ3,s-energy,IGD+,0.00031568064363560677,1
5,DTLZ3,s-energy,R2,0.026934989576032214,1
5,DTLZ3,spd,IGD+,3.854219281269719e-06,1
5,DTLZ3,spd,R2,0.3791570091897386,0
5,DTLZ4,eps+,IGD+,0.061009085642937624,0
5,DTLZ4,eps+,R2,0.9874476962918713,0
5,DTLZ4,hv,IGD+,0.00029921508117771204,1
5,DTLZ4,hv,R2,0.9663395279554506,0
5,DTLZ4,igd,IGD+,5.012757500556777e-05,1
5,DTLZ4,igd,R2,0.9707022904014901,0
5,DTLZ4,igd+,IGD+,0.0007514768668980158,1
5,DTLZ4,igd+,R2,0.9441396345072071,0
5,DTLZ4,r2,IGD+,0.9727998503874558,0
5,DTLZ4,r2,R2,0.6290214175288456,0
5,DTLZ4,s-energy,IGD+,3.587515821205852e-05,1
5,DTLZ4,s-energy,R2,0.8155804842452207,0
5,DTLZ4,spd,IGD+,2.751109571186369e-06,1
5,DTLZ4,spd,R2,0.9923947871123509,0
5,DTLZ5,eps+,IGD+,0.08641559939090207,0
5,DTLZ5,eps+,R2,0.9503056419664115,0
5,DTLZ5,hv,IGD+,0.1320618562877206,0
5,DTLZ5,hv,R2,0.7562150882641798,0
5,DTLZ5,igd,IGD+,0.6713756518222849,0
5,DTLZ5,igd,R2,0.434112907057652,0
5,DTLZ5,igd+,IGD+,0.03385718559988089,1
5,DTLZ5,igd+,R2,0.3811563754454143,0
5,DTLZ5,r2,IGD+,0.56868154082717,0
5,DTLZ5,r2,R2,0.5229502378629686,0
5,DTLZ5,s-energy,IGD+,0.22879916620322227,0
5,DTLZ5,s-energy,R2,0.17906936954054903,0
5,DTLZ5,spd,IGD+,0.5599164893046426,0
5,DTLZ5,spd,R2,0.7401728098102456,0
5,DTLZ6,eps+,IGD+,1.300834930818956e-07,1
5,DTLZ6,eps+,R2,0.7496385913131098,0
5,DTLZ6,hv,IGD+,1.6154130379628299e-07,1
5,DTLZ6,hv,R2,0.5677260763183343,0
5,DTLZ6,igd,IGD+,1.0892590010140285e-07,1
5,DTLZ6,igd,R2,0.731797567684081,0
5,DTLZ6,igd+,IGD+,6.729963909864783e-08,1
5,DTLZ6,igd+,R2,0.6155716164322973,0
5,DTLZ6,r2,IGD+,0.00030694531026069776,1
5,DTLZ6,r2,R2,0.6360492456457028,0
5,DTLZ6,s-energy,IGD+,2.595299271232353e-05,1
5,DTLZ6,s-energy,R2,0.6191319185409759,0
5,DTLZ6,spd,IGD+,1.6758926313633788e-06,1
5,DTLZ6,spd,R2,0.9458126078881394,0
5,DTLZ7,eps+,IGD+,0.18756271603708502,0
5,DTLZ7,eps+,R2,0.24032194840412166,0
5,DTLZ7,hv,IGD+,1.3813011426678489e-15,1
5,DTLZ7,hv,R2,0.9462323896114432,0
5,DTLZ7,igd,IGD+,3.017412930263783e-13,1
5,DTLZ7,igd,R2,0.9790517114418256,0
5,DTLZ7,igd+,IGD+,5.536755290671031e-15,1
5,DTLZ7,igd+,R2,0.65289805235766,0
5,DTLZ7,r2,IGD+,0.0015467705663153167,1
5,DTLZ7,r2,R2,0.6758948847930425,0
5,DTLZ7,s-energy,IGD+,1.5375106007039855e-09,1
5,DTLZ7,s-energy,R2,0.7152325520558402,0
5,DTLZ7,spd,IGD+,2.773815703972471e-07,1
5,DTLZ7,spd,R2,0.7117692300062872,0
5,WFG1,eps+,IGD+,0.10715460084520496,0
5,WFG1,eps+,R2,0.1250526568274394,0
5,WFG1,hv,IGD+,0.13339324406323308,0
5,WFG1,hv,R2,0.3876376590782011,0
5,WFG1,igd,IGD+,0.39551231051660657,0
5,WFG1,igd,R2,0.013594120823576236,1
5,WFG1,igd+,IGD+,0.5098284811091143,0
5,WFG1,igd+,R2,0.5289948356405737,0
5,WFG1,r2,IGD+,0.8656017120910876,0
5,WFG1,r2,R2,0.5666384566355687,0
5,WFG1,s-energy,IGD+,0.9737257507919671,0
5,WFG1,s-energy,R2,0.6240329538414531,0
5,WFG1,spd,IGD+,0.8837724277381123,0
5,WFG1,spd,R2,0.9158655304430706,0
5,WFG2,eps+,IGD+,0.07764511972865636,0
5,WFG2,eps+,R2,0.038602952913029696,1
5,WFG2,hv,IGD+,0.6093082907614024,0
5,WFG2,hv,R2,0.16579209155934047,0
5,WFG2,igd,IGD+,0.12243054881614177,0
5,WFG2,igd,R2,0.2913333460317657,0
5,WFG2,igd+,IGD+,0.06967344400798677,0
5,WFG2,igd+,R2,0.17108578414580847,0
5,WFG2,r2,IGD+,0.2754397441664529,0
5,WFG2,r2,R2,0.03437275367526541,1
5,WFG2,s-energy,IGD+,0.7559379344600048,0
5,WFG2,s-energy,R2,0.7986005527843972,0
5,WFG2,spd,IGD+,0.6404736975105731,0
5,WFG2,spd,R2,0.5903947208883566,0
5,WFG3,eps+,IGD+,0.8850229903188622,0
5,WFG3,eps+,R2,0.2720125365684091,0
5,WFG3,hv,IGD+,0.31532122330195267,0
5,WFG3,hv,R2,0.5135407166183092,0
5,WFG3,igd,IGD+,0.4246892815323928,0
5,WFG3,igd,R2,0.9792759650493097,0
5,WFG3,igd+,IGD+,0.04538908068115246,1
5,WFG3,igd+,R2,0.22874444146050296,0
5,WFG3,r2,IGD+,0.07043638107831159,0
5,WFG3,r2,R2,0.9381551312931588,0
5,WFG3,s-energy,IGD+,0.48957571281150636,0
5,WFG3,s-energy,R2,0.46660129909124337,0
5,WFG3,spd,IGD+,0.3352194025317182,0
5,WFG3,spd,R2,0.6650566734585416,0
5,WFG4,eps+,IGD+,0.11575393094491158,0
5,WFG4,eps+,R2,0.7524127272068681,0
5,WFG4,hv,IGD+,1.4847500478487497e-07,1
5,WFG4,hv,R2,0.43699563837096733,0
5,WFG4,igd,IGD+,0.3245463033380458,0
5,WFG4,igd,R2,0.4558093145707164,0
5,WFG4,igd+,IGD+,8.431733678550274e-08,1
5,WFG4,igd+,R2,0.1352493668914641,0
5,WFG4,r2,IGD+,0.5529275789151552,0
5,WFG4,r2,R2,0.6012843364113158,0
5,WFG4,s-energy,IGD+,0.00954082126343029,1
5,WFG4,s-energy,R2,0.9967510758848817,0
5,WFG4,spd,IGD+,0.20811574877278075,0
5,WFG4,spd,R2,0.956661005012971,0
5,WFG5,eps+,IGD+,0.02147714190035865,1
5,WFG5,eps+,R2,0.11308165910845627,0
5,WFG5,hv,IGD+,1.9280538139663508e-08,1
5,WFG5,hv,R2,0.11308165910845627,0
5,WFG5,igd,IGD+,0.7997632817866112,0
5,WFG5,igd,R2,0.9250785127172121,0
5,WFG5,igd+,IGD+,3.1872046841073405e-10,1
5,WFG5,igd+,R2,0.9250785127172121,0
5,WFG5,r2,IGD+,0.2136831119620767,0
5,WFG5,r2,R2,0.11308165910845627,0
5,WFG5,s-energy,IGD+,0.056831969451227815,0
5,WFG5,s-energy,R2,0.9250785127172121,0
5,WFG5,spd,IGD+,0.11151985223277974,0
5,WFG5,spd,R2,0.9250785127172121,0
5,WFG6,eps+,IGD+,0.07198466088998438,0
5,WFG6,eps+,R2,0.877966855402784,0
5,WFG6,hv,IGD+,0.003259217288201894,1
5,WFG6,hv,R2,0.09531225805312094,0
5,WFG6,igd,IGD+,0.034653246455163184,1
5,WFG6,igd,R2,0.9933917557771554,0
5,WFG6,igd+,IGD+,0.0003555981537931496,1
5,WFG6,igd+,R2,0.025817717428491566,1
5,WFG6,r2,IGD+,0.00258714667545354,1
5,WFG6,r2,R2,0.23019485906630058,0
5,WFG6,s-energy,IGD+,0.02840447181862338,1
5,WFG6,s-energy,R2,0.4575241616170357,0
5,WFG6,spd,IGD+,0.6084545462678915,0
5,WFG6,spd,R2,0.4575241616170357,0
5,WFG7,eps+,IGD+,0.01224713992452492,1
5,WFG7,eps+,R2,0.4104888196022122,0
5,WFG7,hv,IGD+,3.0686245137383982e-09,1
5,WFG7,hv,R2,0.00872989607212365,1
5,WFG7,igd,IGD+,0.4828978275493988,0
5,WFG7,igd,R2,0.5707266062416773,0
5,WFG7,igd+,IGD+,9.015021095172282e-10,1
5,WFG7,igd+,R2,0.0547960267328097,0
5,WFG7,r2,IGD+,0.9901966506904434,0
5,WFG7,r2,R2,0.9980153843299814,0
5,WFG7,s-energy,IGD+,0.00948106447340073,1
5,WFG7,s-energy,R2,0.6773066059122902,0
5,WFG7,spd,IGD+,0.07400136180028573,0
5,WFG7,spd,R2,0.6806979692616886,0
5,WFG8,eps+,IGD+,0.004151784502344427,1
5,WFG8,eps+,R2,0.5118645901716867,0
5,WFG8,hv,IGD+,9.042087108271413e-08,1
5,WFG8,hv,R2,0.7539769588138655,0
5,WFG8,igd,IGD+,0.45334597632184237,0
5,WFG8,igd,R2,0.9056143769739032,0
5,WFG8,igd+,IGD+,0.3561032250059477,0
5,WFG8,igd+,R2,0.5394860786878081,0
5,WFG8,r2,IGD+,0.7902588520753637,0
5,WFG8,r2,R2,0.6777688380099023,0
5,WFG8,s-energy,IGD+,1.7064166905089407e-07,1
5,WFG8,s-energy,R2,0.6190250151572825,0
5,WFG8,spd,IGD+,0.0006868158054420141,1
5,WFG8,spd,R2,0.10147706391732426,0
5,WFG9,eps+,IGD+,0.012711070572327524,1
5,WFG9,eps+,R2,0.29113892386008033,0
5,WFG9,hv,IGD+,2.1747272576671776e-06,1
5,WFG9,hv,R2,0.4789816534348751,0
5,WFG9,igd,IGD+,0.16807354111462477,0
5,WFG9,igd,R2,0.7500057223535759,0
5,WFG9,igd+,IGD+,0.0002538677923986006,1
5,WFG9,igd+,R2,0.9803598338595156,0
5,WFG9,r2,IGD+,0.7870587077252594,0
5,WFG9,r2,R2,0.2625215357360546,0
5,WFG9,s-energy,IGD+,0.8152632445237722,0
5,WFG9,s-energy,R2,0.30873179374372717,0
5,WFG9,spd,IGD+,0.6598523605867006,0
5,WFG9,spd,R2,0.24943610142012423,0
6,DTLZ1,eps+,IGD+,0.44854174019920445,0
6,DTLZ1,eps+,R2,0.1515178420669249,0
6,DTLZ1,hv,IGD+,0.06328123936317992,0
6,DTLZ1,hv,R2,0.39154238732358754,0
6,DTLZ1,igd,IGD+,0.025142778190205977,1
6,DTLZ1,igd,R2,0.06553920373209458,0
6,DTLZ1,igd+,IGD+,0.03601753271564805,1
6,DTLZ1,igd+,R2,0.10817117510024396,0
6,DTLZ1,r2,IGD+,0.2856681646271734,0
6,DTLZ1,r2,R2,0.017331094281360353,1
6,DTLZ1,s-energy,IGD+,0.018375352850838637,1
6,DTLZ1,s-energy,R2,0.006624688241907687,1
6,DTLZ1,spd,IGD+,9.488754904435891e-06,1
6,DTLZ1,spd,R2,0.7286685247380558,0
6,DTLZ2,eps+,IGD+,2.911252798983654e-11,1
6,DTLZ2,eps+,R2,0.9643495177954865,0
6,DTLZ2,hv,IGD+,1.2988172476446088e-12,1
6,DTLZ2,hv,R2,0.2598356047348233,0
6,DTLZ2,igd,IGD+,7.946483905170729e-13,1
6,DTLZ2,igd,R2,0.40347922800911507,0
6,DTLZ2,igd+,IGD+,7.143360737757183e-13,1
6,DTLZ2,igd+,R2,0.5024191554905338,0
6,DTLZ2,r2,IGD+,1.669671548064279e-05,1
6,DTLZ2,r2,R2,0.8222879055126163,0
6,DTLZ2,s-energy,IGD+,1.3116255568084893e-14,1
6,DTLZ2,s-energy,R2,0.06983344621497495,0
6,DTLZ2,spd,IGD+,2.416557266546438e-16,1
6,DTLZ2,spd,R2,0.13634070409490318,0
6,DTLZ3,eps+,IGD+,0.3421500173767873,0
6,DTLZ3,eps+,R2,0.07820257300086297,0
6,DTLZ3,hv,IGD+,0.5880599215984477,0
6,DTLZ3,hv,R2,0.17879394835065968,0
6,DTLZ3,igd,IGD+,0.5669261193145819,0
6,DTLZ3,igd,R2,0.018438812104033187,1
6,DTLZ3,igd+,IGD+,0.7773671597597592,0
6,DTLZ3,igd+,R2,0.10271935424229746,0
6,DTLZ3,r2,IGD+,0.2382540110803802,0
6,DTLZ3,r2,R2,0.23978529698014744,0
6,DTLZ3,s-energy,IGD+,0.03823280883691238,1
6,DTLZ3,s-energy,R2,0.280093956410088,0
6,DTLZ3,spd,IGD+,0.0841447507569318,0
6,DTLZ3,spd,R2,0.4533518620639849,0
6,DTLZ4,eps+,IGD+,0.894665988905844,0
6,DTLZ4,eps+,R2,0.44049328506524765,0
6,DTLZ4,hv,IGD+,0.9888164375306276,0
6,DTLZ4,hv,R2,0.44049328506524765,0
6,DTLZ4,igd,IGD+,0.9604705023977236,0
6,DTLZ4,igd,R2,0.44049328506524765,0
6,DTLZ4,igd+,IGD+,0.9888164375306276,0
6,DTLZ4,igd+,R2,0.44049328506524765,0
6,DTLZ4,r2,IGD+,0.6902657902611682,0
6,DTLZ4,r2,R2,0.44049328506524765,0
6,DTLZ4,s-energy,IGD+,0.39559153195064345,0
6,DTLZ4,s-energy,R2,0.44049328506524765,0
6,DTLZ4,spd,IGD+,0.8152632445237722,0
6,DTLZ4,spd,R2,0.44049328506524765,0
6,DTLZ5,eps+,IGD+,0.3462986654462721,0
6,DTLZ5,eps+,R2,0.43253246354609454,0
6,DTLZ5,hv,IGD+,0.01343826465507497,1
6,DTLZ5,hv,R2,0.13356457955233753,0
6,DTLZ5,igd,IGD+,0.3747672092222703,0
6,DTLZ5,igd,R2,0.331648178615989,0
6,DTLZ5,igd+,IGD+,0.11996558437806044,0
6,DTLZ5,igd+,R2,0.09735895715775697,0
6,DTLZ5,r2,IGD+,0.07517249691550683,0
6,DTLZ5,r2,R2,0.26334774627379076,0
6,DTLZ5,s-energy,IGD+,0.3835773520239146,0
6,DTLZ5,s-energy,R2,0.9622335042154485,0
6,DTLZ5,spd,IGD+,0.6872193653719945,0
6,DTLZ5,spd,R2,0.6338233726017029,0
6,DTLZ6,eps+,IGD+,1.2236003799024342e-11,1
6,DTLZ6,eps+,R2,0.5314521872796305,0
6,DTLZ6,hv,IGD+,0.5851368356498392,0
6,DTLZ6,hv,R2,0.6516307307152515,0
6,DTLZ6,igd,IGD+,1.5485627625141784e-12,1
6,DTLZ6,igd,R2,0.5193982195856546,0
6,DTLZ6,igd+,IGD+,2.738241763700961e-12,1
6,DTLZ6,igd+,R2,0.6203820801830691,0
6,DTLZ6,r2,IGD+,1.7602450029013358e-09,1
6,DTLZ6,r2,R2,0.33440680145799345,0
6,DTLZ6,s-energy,IGD+,1.2789476732895245e-08,1
6,DTLZ6,s-energy,R2,0.9373025271455526,0
6,DTLZ6,spd,IGD+,0.8775911292165106,0
6,DTLZ6,spd,R2,0.8470369326726045,0
6,DTLZ7,eps+,IGD+,7.388289716582606e-08,1
6,DTLZ7,eps+,R2,0.45821186822779936,0
6,DTLZ7,hv,IGD+,5.576111273350958e-14,1
6,DTLZ7,hv,R2,0.41380701854516966,0
6,DTLZ7,igd,IGD+,6.729963909864783e-08,1
6,DTLZ7,igd,R2,0.6977254602300413,0
6,DTLZ7,igd+,IGD+,2.904886817509798e-07,1
6,DTLZ7,igd+,R2,0.4169007166381779,0
6,DTLZ7,r2,IGD+,2.1018912377438534e-07,1
6,DTLZ7,r2,R2,0.42782615000881274,0
6,DTLZ7,s-energy,IGD+,2.976108805944084e-14,1
6,DTLZ7,s-energy,R2,0.13609002270254958,0
6,DTLZ7,spd,IGD+,2.456899941779422e-13,1
6,DTLZ7,spd,R2,0.35751800242792553,0
6,WFG1,eps+,IGD+,0.2557861721216796,0
6,WFG1,eps+,R2,0.5473918152504381,0
6,WFG1,hv,IGD+,0.44689694829830207,0
6,WFG1,hv,R2,0.0028797615728260303,1
6,WFG1,igd,IGD+,0.7081759494721875,0
6,WFG1,igd,R2,0.0028797615728260303,1
6,WFG1,igd+,IGD+,0.5898270213105798,0
6,WFG1,igd+,R2,0.0028797615728260303,1
6,WFG1,r2,IGD+,0.5721957884031055,0
6,WFG1,r2,R2,0.14300184901593274,0
6,WFG1,s-energy,IGD+,0.5047357821597399,0
6,WFG1,s-energy,R2,0.806005486559733,0
6,WFG1,spd,IGD+,0.5986733363525705,0
6,WFG1,spd,R2,0.19799575713618933,0
6,WFG2,eps+,IGD+,0.8959829745869146,0
6,WFG2,eps+,R2,0.7053221093871143,0
6,WFG2,hv,IGD+,0.5898270213105798,0
6,WFG2,hv,R2,0.29061218633476193,0
6,WFG2,igd,IGD+,0.1066014497345845,0
6,WFG2,igd,R2,0.07206960640576517,0
6,WFG2,igd+,IGD+,0.3733107712821457,0
6,WFG2,igd+,R2,0.9503460468751533,0
6,WFG2,r2,IGD+,0.7441816473066594,0
6,WFG2,r2,R2,0.01634918915397275,1
6,WFG2,s-energy,IGD+,0.8899601485730372,0
6,WFG2,s-energy,R2,0.7150426640965235,0
6,WFG2,spd,IGD+,0.9387722741355999,0
6,WFG2,spd,R2,0.8527043344276309,0
6,WFG3,eps+,IGD+,0.3895182193917316,0
6,WFG3,eps+,R2,0.9568732235266396,0
6,WFG3,hv,IGD+,0.7185616810159069,0
6,WFG3,hv,R2,0.07924662326888299,0
6,WFG3,igd,IGD+,0.9304203070906316,0
6,WFG3,igd,R2,0.4980803166197818,0
6,WFG3,igd+,IGD+,0.12181029165685939,0
6,WFG3,igd+,R2,0.20477980874493043,0
6,WFG3,r2,IGD+,0.8121989272314252,0
6,WFG3,r2,R2,0.658256056559128,0
6,WFG3,s-energy,IGD+,0.44689694829830207,0
6,WFG3,s-energy,R2,0.9319372194053982,0
6,WFG3,spd,IGD+,0.35703522034443114,0
6,WFG3,spd,R2,0.5992062596612724,0
6,WFG4,eps+,IGD+,0.10015406007998347,0
6,WFG4,eps+,R2,0.5918255319087828,0
6,WFG4,hv,IGD+,1.0429427826184713e-10,1
6,WFG4,hv,R2,0.8676353392993379,0
6,WFG4,igd,IGD+,0.0013698872881917749,1
6,WFG4,igd,R2,0.325530795553777,0
6,WFG4,igd+,IGD+,1.612689742657678e-09,1
6,WFG4,igd+,R2,0.14479916804474638,0
6,WFG4,r2,IGD+,0.21270360939409172,0
6,WFG4,r2,R2,0.9364130837325729,0
6,WFG4,s-energy,IGD+,0.07198466088998438,0
6,WFG4,s-energy,R2,0.16278932593905485,0
6,WFG4,spd,IGD+,0.13180053851803672,0
6,WFG4,spd,R2,0.16278932593905485,0
6,WFG5,eps+,IGD+,0.12620888513698697,0
6,WFG5,eps+,R2,0.440493285065213,0
6,WFG5,hv,IGD+,9.937270676084543e-11,1
6,WFG5,hv,R2,0.440493285065213,0
6,WFG5,igd,IGD+,0.0006971748341328363,1
6,WFG5,igd,R2,0.440493285065213,0
6,WFG5,igd+,IGD+,6.446426808649274e-10,1
6,WFG5,igd+,R2,0.440493285065213,0
6,WFG5,r2,IGD+,0.20028679291383214,0
6,WFG5,r2,R2,0.440493285065213,0
6,WFG5,s-energy,IGD+,0.07316570767808389,0
6,WFG5,s-energy,R2,0.440493285065213,0
6,WFG5,spd,IGD+,0.03929005686821299,1
6,WFG5,spd,R2,0.440493285065213,0
6,WFG6,eps+,IGD+,0.005520510444966845,1
6,WFG6,eps+,R2,0.055107988634762725,0
6,WFG6,hv,IGD+,0.18844963187494965,0
6,WFG6,hv,R2,0.9826052443661565,0
6,WFG6,igd,IGD+,0.0008392179884874555,1
6,WFG6,igd,R2,0.9826052443661565,0
6,WFG6,igd+,IGD+,0.010881601327810861,1
6,WFG6,igd+,R2,0.9826052443661565,0
6,WFG6,r2,IGD+,0.008959045239435621,1
6,WFG6,r2,R2,0.9826052443661565,0
6,WFG6,s-energy,IGD+,0.000536237934065317,1
6,WFG6,s-energy,R2,0.9826052443661565,0
6,WFG6,spd,IGD+,0.2792572252752992,0
6,WFG6,spd,R2,0.9826052443661565,0
6,WFG7,eps+,IGD+,0.0016105111852586275,1
6,WFG7,eps+,R2,0.5629728644511813,0
6,WFG7,hv,IGD+,1.468389724886404e-12,1
6,WFG7,hv,R2,0.011566350277394943,1
6,WFG7,igd,IGD+,0.0006829201432171618,1
6,WFG7,igd,R2,0.00019907886185749558,1
6,WFG7,igd+,IGD+,3.7413577923293875e-11,1
6,WFG7,igd+,R2,0.9996310000043701,0
6,WFG7,r2,IGD+,0.2683819186589713,0
6,WFG7,r2,R2,0.9996310000043701,0
6,WFG7,s-energy,IGD+,0.7029582246456741,0
6,WFG7,s-energy,R2,0.9996310000043701,0
6,WFG7,spd,IGD+,0.7731469299200994,0
6,WFG7,spd,R2,0.3668036751378494,0
6,WFG8,eps+,IGD+,0.0001419788272242275,1
6,WFG8,eps+,R2,0.44049328506521346,0
6,WFG8,hv,IGD+,5.627305353421744e-10,1
6,WFG8,hv,R2,0.8656488145797258,0
6,WFG8,igd,IGD+,0.45821186822779936,0
6,WFG8,igd,R2,0.011196133240623306,1
6,WFG8,igd+,IGD+,0.22673752815037682,0
6,WFG8,igd+,R2,0.5845488162142745,0
6,WFG8,r2,IGD+,0.002147897441270021,1
6,WFG8,r2,R2,0.931100525098666,0
6,WFG8,s-energy,IGD+,0.47791481154594506,0
6,WFG8,s-energy,R2,0.993802164218219,0
6,WFG8,spd,IGD+,0.5675506913256125,0
6,WFG8,spd,R2,0.993802164218219,0
6,WFG9,eps+,IGD+,0.005380075377658372,1
6,WFG9,eps+,R2,0.24291048251803207,0
6,WFG9,hv,IGD+,9.32724599925258e-08,1
6,WFG9,hv,R2,0.9473469826562991,0
6,WFG9,igd,IGD+,0.007552276651647311,1
6,WFG9,igd,R2,0.28505650031665186,0
6,WFG9,igd+,IGD+,2.0941191345233484e-06,1
6,WFG9,igd+,R2,0.9473469826562991,0
6,WFG9,r2,IGD+,0.0006923913433110835,1
6,WFG9,r2,R2,0.28505650031665186,0
6,WFG9,s-energy,IGD+,0.0841447507569318,0
6,WFG9,s-energy,R2,0.3321447121778921,0
6,WFG9,spd,IGD+,0.10087175850210643,0
6,WFG9,spd,R2,0.24291048251803207,0
7,DTLZ1,eps+,IGD+,0.011836731133560001,1
7,DTLZ1,eps+,R2,0.4379212206006944,0
7,DTLZ1,hv,IGD+,0.002793025738575133,1
7,DTLZ1,hv,R2,0.7816157307189239,0
7,DTLZ1,igd,IGD+,0.003848663857788765,1
7,DTLZ1,igd,R2,0.8917656227773175,0
7,DTLZ1,igd+,IGD+,0.0005493675167644664,1
7,DTLZ1,igd+,R2,0.45033552388897224,0
7,DTLZ1,r2,IGD+,0.5760914156200354,0
7,DTLZ1,r2,R2,0.3776671111008244,0
7,DTLZ1,s-energy,IGD+,0.03429400235067606,1
7,DTLZ1,s-energy,R2,0.09776517821998484,0
7,DTLZ1,spd,IGD+,0.0017314127225365634,1
7,DTLZ1,spd,R2,0.22827119983444566,0
7,DTLZ2,eps+,IGD+,2.620358773882794e-11,1
7,DTLZ2,eps+,R2,0.6529274461337065,0
7,DTLZ2,hv,IGD+,2.191749037124567e-12,1
7,DTLZ2,hv,R2,0.06409599758200446,0
7,DTLZ2,igd,IGD+,1.1738422735729876e-11,1
7,DTLZ2,igd,R2,0.20610993542967457,0
7,DTLZ2,igd+,IGD+,5.420183794215365e-12,1
7,DTLZ2,igd+,R2,0.5668453268763399,0
7,DTLZ2,r2,IGD+,6.557011611005756e-06,1
7,DTLZ2,r2,R2,0.8562890508026801,0
7,DTLZ2,s-energy,IGD+,3.036952182818909e-08,1
7,DTLZ2,s-energy,R2,0.6052846568752932,0
7,DTLZ2,spd,IGD+,1.6242081134187452e-11,1
7,DTLZ2,spd,R2,0.2521387596063495,0
7,DTLZ3,eps+,IGD+,0.010893559383974806,1
7,DTLZ3,eps+,R2,0.6597496364850048,0
7,DTLZ3,hv,IGD+,0.028002784310659,1
7,DTLZ3,hv,R2,0.7632093744275494,0
7,DTLZ3,igd,IGD+,0.018051361368636956,1
7,DTLZ3,igd,R2,0.6712567426899766,0
7,DTLZ3,igd+,IGD+,0.022563212446204486,1
7,DTLZ3,igd+,R2,0.5369917112111253,0
7,DTLZ3,r2,IGD+,0.018051361368636956,1
7,DTLZ3,r2,R2,0.6941423518930593,0
7,DTLZ3,s-energy,IGD+,0.9815844257150077,0
7,DTLZ3,s-energy,R2,0.5120565681797841,0
7,DTLZ3,spd,IGD+,0.7392894042062828,0
7,DTLZ3,spd,R2,0.5834731571169611,0
7,DTLZ4,eps+,IGD+,0.05810920818134029,0
7,DTLZ4,eps+,R2,0.44049328506522223,0
7,DTLZ4,hv,IGD+,0.06141635019949589,0
7,DTLZ4,hv,R2,0.44049328506522223,0
7,DTLZ4,igd,IGD+,0.08280764621547497,0
7,DTLZ4,igd,R2,0.44049328506522223,0
7,DTLZ4,igd+,IGD+,0.09963240048704756,0
7,DTLZ4,igd+,R2,0.44049328506522223,0
7,DTLZ4,r2,IGD+,0.17299160788208162,0
7,DTLZ4,r2,R2,0.44049328506522223,0
7,DTLZ4,s-energy,IGD+,0.11340468132366334,0
7,DTLZ4,s-energy,R2,0.44049328506522223,0
7,DTLZ4,spd,IGD+,0.10771023116948462,0
7,DTLZ4,spd,R2,0.44049328506522223,0
7,DTLZ5,eps+,IGD+,0.24800128049614134,0
7,DTLZ5,eps+,R2,0.36751938842612086,0
7,DTLZ5,hv,IGD+,0.002077453865145539,1
7,DTLZ5,hv,R2,0.15027050802231529,0
7,DTLZ5,igd,IGD+,0.0002538677923986006,1
7,DTLZ5,igd,R2,0.05714887926630052,0
7,DTLZ5,igd+,IGD+,0.017810422611516302,1
7,DTLZ5,igd+,R2,0.2491024675024959,0
7,DTLZ5,r2,IGD+,0.1956661412771238,0
7,DTLZ5,r2,R2,0.09160212945047384,0
7,DTLZ5,s-energy,IGD+,0.015384899362472473,1
7,DTLZ5,s-energy,R2,0.5511838085443205,0
7,DTLZ5,spd,IGD+,0.023173881014620236,1
7,DTLZ5,spd,R2,0.9753016298933626,0
7,DTLZ6,eps+,IGD+,8.563523666599412e-14,1
7,DTLZ6,eps+,R2,0.5529807311088784,0
7,DTLZ6,hv,IGD+,,0
7,DTLZ6,hv,R2,0.5195979591752573,0
7,DTLZ6,igd,IGD+,2.2569431273111086e-15,1
7,DTLZ6,igd,R2,0.6315910602461102,0
7,DTLZ6,igd+,IGD+,3.173703027239041e-15,1
7,DTLZ6,igd+,R2,0.45254291664993385,0
7,DTLZ6,r2,IGD+,2.094151661253422e-15,1
7,DTLZ6,r2,R2,0.3298519353131164,0
7,DTLZ6,s-energy,IGD+,1.7391510103991742e-13,1
7,DTLZ6,s-energy,R2,0.14693572398837912,0
7,DTLZ6,spd,IGD+,0.5723092247201245,0
7,DTLZ6,spd,R2,0.04976941380428232,1
7,DTLZ7,eps+,IGD+,8.552362243849473e-07,1
7,DTLZ7,eps+,R2,0.9897502825762777,0
7,DTLZ7,hv,IGD+,2.5368202684315814e-11,1
7,DTLZ7,hv,R2,0.6006838588775306,0
7,DTLZ7,igd,IGD+,8.683718059611868e-07,1
7,DTLZ7,igd,R2,0.9870957762154929,0
7,DTLZ7,igd+,IGD+,8.552362243849473e-07,1
7,DTLZ7,igd+,R2,0.9908590827915408,0
7,DTLZ7,r2,IGD+,1.9564071207886262e-06,1
7,DTLZ7,r2,R2,0.991759015262958,0
7,DTLZ7,s-energy,IGD+,8.484827934640132e-13,1
7,DTLZ7,s-energy,R2,0.6860471121441468,0
7,DTLZ7,spd,IGD+,1.2569936943678724e-12,1
7,DTLZ7,spd,R2,0.32808916780893105,0
7,WFG1,eps+,IGD+,0.08273802024432839,0
7,WFG1,eps+,R2,0.0020338371840280837,1
7,WFG1,hv,IGD+,0.4870650196764841,0
7,WFG1,hv,R2,0.5094674840024154,0
7,WFG1,igd,IGD+,0.5040918222433055,0
7,WFG1,igd,R2,0.055722240419099296,0
7,WFG1,igd+,IGD+,0.009650549000215045,1
7,WFG1,igd+,R2,0.6473842707339301,0
7,WFG1,r2,IGD+,0.7656298257159382,0
7,WFG1,r2,R2,0.5906960456465657,0
7,WFG1,s-energy,IGD+,0.5360144439450875,0
7,WFG1,s-energy,R2,0.21414946652437963,0
7,WFG1,spd,IGD+,0.6297830205251547,0
7,WFG1,spd,R2,0.5582649339495754,0
7,WFG2,eps+,IGD+,0.06313264164320348,0
7,WFG2,eps+,R2,0.8850748846170404,0
7,WFG2,hv,IGD+,0.6837065399801336,0
7,WFG2,hv,R2,0.9950578083688568,0
7,WFG2,igd,IGD+,0.6924787964884582,0
7,WFG2,igd,R2,0.8998041095628838,0
7,WFG2,igd+,IGD+,0.09454459534762523,0
7,WFG2,igd+,R2,0.9330613350165085,0
7,WFG2,r2,IGD+,0.07976047557961458,0
7,WFG2,r2,R2,0.7966085648167198,0
7,WFG2,s-energy,IGD+,0.3462986654462721,0
7,WFG2,s-energy,R2,0.7259249711618387,0
7,WFG2,spd,IGD+,0.34695372175491684,0
7,WFG2,spd,R2,0.24812633603940779,0
7,WFG3,eps+,IGD+,0.8106599306404725,0
7,WFG3,eps+,R2,0.31836745605721317,0
7,WFG3,hv,IGD+,0.4388995799308243,0
7,WFG3,hv,R2,0.10363054640068571,0
7,WFG3,igd,IGD+,0.5372878716302921,0
7,WFG3,igd,R2,0.683383685682843,0
7,WFG3,igd+,IGD+,0.04167038148093774,1
7,WFG3,igd+,R2,0.24706030278587954,0
7,WFG3,r2,IGD+,0.8044593482988034,0
7,WFG3,r2,R2,0.38548107298519246,0
7,WFG3,s-energy,IGD+,0.34768867886385785,0
7,WFG3,s-energy,R2,0.8371872930200026,0
7,WFG3,spd,IGD+,0.629510033261344,0
7,WFG3,spd,R2,0.6976898143068218,0
7,WFG4,eps+,IGD+,0.08504670010649687,0
7,WFG4,eps+,R2,0.4404932850652351,0
7,WFG4,hv,IGD+,2.5766858070219567e-08,1
7,WFG4,hv,R2,0.4404932850652351,0
7,WFG4,igd,IGD+,1.3808592202849826e-06,1
7,WFG4,igd,R2,0.4404932850652351,0
7,WFG4,igd+,IGD+,1.6872381149999284e-08,1
7,WFG4,igd+,R2,0.4404932850652351,0
7,WFG4,r2,IGD+,0.000539966115188032,1
7,WFG4,r2,R2,0.4404932850652351,0
7,WFG4,s-energy,IGD+,0.000856641210775301,1
7,WFG4,s-energy,R2,0.4404932850652351,0
7,WFG4,spd,IGD+,0.0068419421373427545,1
7,WFG4,spd,R2,0.4404932850652351,0
7,WFG5,eps+,IGD+,0.01706815138980403,1
7,WFG5,eps+,R2,,0
7,WFG5,hv,IGD+,3.037503581694714e-10,1
7,WFG5,hv,R2,,0
7,WFG5,igd,IGD+,2.2014394833139056e-07,1
7,WFG5,igd,R2,,0
7,WFG5,igd+,IGD+,9.307343011381606e-10,1
7,WFG5,igd+,R2,,0
7,WFG5,r2,IGD+,0.0029723085834215796,1
7,WFG5,r2,R2,,0
7,WFG5,s-energy,IGD+,0.02891061919305009,1
7,WFG5,s-energy,R2,,0
7,WFG5,spd,IGD+,0.4729541794380381,0
7,WFG5,spd,R2,,0
7,WFG6,eps+,IGD+,0.6536847588117622,0
7,WFG6,eps+,R2,0.4404932850652119,0
7,WFG6,hv,IGD+,0.08148933888649125,0
7,WFG6,hv,R2,0.4404932850652119,0
7,WFG6,igd,IGD+,0.1555156156908033,0
7,WFG6,igd,R2,0.4404932850652119,0
7,WFG6,igd+,IGD+,0.001117806184484681,1
7,WFG6,igd+,R2,0.4404932850652119,0
7,WFG6,r2,IGD+,0.08325124882324483,0
7,WFG6,r2,R2,0.4404932850652119,0
7,WFG6,s-energy,IGD+,0.015479417325000704,1
7,WFG6,s-energy,R2,0.4404932850652119,0
7,WFG6,spd,IGD+,0.16281423570680056,0
7,WFG6,spd,R2,0.4404932850652119,0
7,WFG7,eps+,IGD+,9.135099253326859e-09,1
7,WFG7,eps+,R2,0.5838493486025106,0
7,WFG7,hv,IGD+,1.271907403102368e-13,1
7,WFG7,hv,R2,0.8640504752840537,0
7,WFG7,igd,IGD+,5.6896181263110245e-09,1
7,WFG7,igd,R2,0.8640504752840537,0
7,WFG7,igd+,IGD+,4.2927080673274924e-11,1
7,WFG7,igd+,R2,0.047659613612695835,1
7,WFG7,r2,IGD+,0.0793333656134251,0
7,WFG7,r2,R2,0.6588631707011183,0
7,WFG7,s-energy,IGD+,0.01263261046505365,1
7,WFG7,s-energy,R2,0.5838493486025106,0
7,WFG7,spd,IGD+,0.8238053342341375,0
7,WFG7,spd,R2,0.5838493486025106,0
7,WFG8,eps+,IGD+,2.8964123535522093e-06,1
7,WFG8,eps+,R2,0.440493285065213,0
7,WFG8,hv,IGD+,2.918115069404619e-10,1
7,WFG8,hv,R2,0.440493285065213,0
7,WFG8,igd,IGD+,0.3140179571057939,0
7,WFG8,igd,R2,0.440493285065213,0
7,WFG8,igd+,IGD+,3.8613802518919716e-09,1
7,WFG8,igd+,R2,0.440493285065213,0
7,WFG8,r2,IGD+,9.089897559766597e-07,1
7,WFG8,r2,R2,0.440493285065213,0
7,WFG8,s-energy,IGD+,0.0006689497061036314,1
7,WFG8,s-energy,R2,0.440493285065213,0
7,WFG8,spd,IGD+,0.440493285065213,0
7,WFG8,spd,R2,0.440493285065213,0
7,WFG9,eps+,IGD+,0.007504453450186206,1
7,WFG9,eps+,R2,0.9805162021794588,0
7,WFG9,hv,IGD+,1.7073151246252464e-06,1
7,WFG9,hv,R2,0.38167119790695847,0
7,WFG9,igd,IGD+,0.3407742835248092,0
7,WFG9,igd,R2,0.1650606648698209,0
7,WFG9,igd+,IGD+,2.9849639664137245e-06,1
7,WFG9,igd+,R2,0.38167119790695847,0
7,WFG9,r2,IGD+,0.0005990191096334042,1
7,WFG9,r2,R2,0.9805162021794588,0
7,WFG9,s-energy,IGD+,3.18546045343106e-05,1
7,WFG9,s-energy,R2,0.7049855194191817,0
7,WFG9,spd,IGD+,0.05251542453087129,0
7,WFG9,spd,R2,0.32777397965175054,0
