n_objetivos,problema,indicador,hiperparam_ind_conv,p-value_Friedman,Medias_Distintas
2,DTLZ1,eps+,EPS+,0.20709969679140539,0
2,DTLZ1,eps+,IGD+,0.9178353581543818,0
2,DTLZ1,eps+,R2,7.296207103396969e-10,1
2,DTLZ1,hv,EPS+,0.9642469782590378,0
2,DTLZ1,hv,IGD+,0.5277952819967366,0
2,DTLZ1,hv,R2,0.5555458726852709,0
2,DTLZ1,igd,EPS+,0.05124876850412542,0
2,DTLZ1,igd,IGD+,0.07416306305768115,0
2,DTLZ1,igd,R2,5.727848462910632e-07,1
2,DTLZ1,igd+,EPS+,0.986102517454306,0
2,DTLZ1,igd+,IGD+,0.4460939878115133,0
2,DTLZ1,igd+,R2,0.14953333720064657,0
2,DTLZ1,r2,EPS+,0.7609319475432558,0
2,DTLZ1,r2,IGD+,0.5555458726852709,0
2,DTLZ1,r2,R2,0.00015742061043217347,1
2,DTLZ1,s-energy,EPS+,0.905833739143213,0
2,DTLZ1,s-energy,IGD+,0.866271440419835,0
2,DTLZ1,s-energy,R2,0.07954666674035774,0
2,DTLZ1,spd,EPS+,0.5845281481741025,0
2,DTLZ1,spd,IGD+,0.6722580986170004,0
2,DTLZ1,spd,R2,0.4804128066262674,0
2,DTLZ2,eps+,EPS+,0.0010179681993838792,1
2,DTLZ2,eps+,IGD+,0.07615857418393583,0
2,DTLZ2,eps+,R2,3.2387195490787174e-10,1
2,DTLZ2,hv,EPS+,1.1493232863562654e-22,1
2,DTLZ2,hv,IGD+,0.00013534187625010322,1
2,DTLZ2,hv,R2,3.087813494347904e-07,1
2,DTLZ2,igd,EPS+,2.1146428513497947e-35,1
2,DTLZ2,igd,IGD+,0.91992502994049,0
2,DTLZ2,igd,R2,1.46681274973444e-14,1
2,DTLZ2,igd+,EPS+,0.00010629893049392326,1
2,DTLZ2,igd+,IGD+,0.3245463033380499,0
2,DTLZ2,igd+,R2,0.40004240563692073,0
2,DTLZ2,r2,EPS+,8.709672525647198e-35,1
2,DTLZ2,r2,IGD+,0.7143050887803968,0
2,DTLZ2,r2,R2,4.942196504989711e-22,1
2,DTLZ2,s-energy,EPS+,1.0905438527014453e-35,1
2,DTLZ2,s-energy,IGD+,7.040517785503552e-07,1
2,DTLZ2,s-energy,R2,3.182857389451764e-08,1
2,DTLZ2,spd,EPS+,1.5120257549130607e-35,1
2,DTLZ2,spd,IGD+,5.268089103397553e-12,1
2,DTLZ2,spd,R2,9.53305441844599e-23,1
2,DTLZ3,eps+,EPS+,0.04656241379624185,1
2,DTLZ3,eps+,IGD+,0.6226209795169693,0
2,DTLZ3,eps+,R2,0.15212665231697678,0
2,DTLZ3,hv,EPS+,0.2597457729696643,0
2,DTLZ3,hv,IGD+,0.6243968755865469,0
2,DTLZ3,hv,R2,0.0372535451066897,1
2,DTLZ3,igd,EPS+,4.676046771361761e-07,1
2,DTLZ3,igd,IGD+,0.7305841522998273,0
2,DTLZ3,igd,R2,0.15027050802231529,0
2,DTLZ3,igd+,EPS+,0.2166426798038845,0
2,DTLZ3,igd+,IGD+,0.6819482899992738,0
2,DTLZ3,igd+,R2,0.04968764543691971,1
2,DTLZ3,r2,EPS+,2.5682746304088523e-07,1
2,DTLZ3,r2,IGD+,0.39101177789654207,0
2,DTLZ3,r2,R2,0.059412296992467147,0
2,DTLZ3,s-energy,EPS+,5.328720944085738e-27,1
2,DTLZ3,s-energy,IGD+,0.2064219610313585,0
2,DTLZ3,s-energy,R2,0.5072797634154799,0
2,DTLZ3,spd,EPS+,2.8423926159986244e-06,1
2,DTLZ3,spd,IGD+,0.4501158582924829,0
2,DTLZ3,spd,R2,0.20737879677201412,0
2,DTLZ4,eps+,EPS+,0.0012838480806842373,1
2,DTLZ4,eps+,IGD+,0.6288369351798733,0
2,DTLZ4,eps+,R2,1.1889700808124014e-06,1
2,DTLZ4,hv,EPS+,5.918790851490482e-17,1
2,DTLZ4,hv,IGD+,0.09453705054945201,0
2,DTLZ4,hv,R2,0.286532083241226,0
2,DTLZ4,igd,EPS+,1.5344285716133114e-29,1
2,DTLZ4,igd,IGD+,0.7751955889271114,0
2,DTLZ4,igd,R2,0.0002163688288589631,1
2,DTLZ4,igd+,EPS+,0.0042450218098860045,1
2,DTLZ4,igd+,IGD+,0.3815918728530797,0
2,DTLZ4,igd+,R2,0.1253856678634901,0
2,DTLZ4,r2,EPS+,2.6172173256550196e-29,1
2,DTLZ4,r2,IGD+,0.38351096598294804,0
2,DTLZ4,r2,R2,2.7681860511478054e-08,1
2,DTLZ4,s-energy,EPS+,2.074666696638146e-26,1
2,DTLZ4,s-energy,IGD+,0.3704081896326034,0
2,DTLZ4,s-energy,R2,0.0018274575434289464,1
2,DTLZ4,spd,EPS+,7.561486172917286e-26,1
2,DTLZ4,spd,IGD+,0.03946534845077049,1
2,DTLZ4,spd,R2,0.0023280384996360484,1
2,DTLZ5,eps+,EPS+,0.00016545351547750625,1
2,DTLZ5,eps+,IGD+,0.0011486081090310567,1
2,DTLZ5,eps+,R2,8.82043241247075e-05,1
2,DTLZ5,hv,EPS+,1.1493232863562654e-22,1
2,DTLZ5,hv,IGD+,0.00013534187625010322,1
2,DTLZ5,hv,R2,3.087813494347904e-07,1
2,DTLZ5,igd,EPS+,9.281608460634313e-36,1
2,DTLZ5,igd,IGD+,0.0075762972094641536,1
2,DTLZ5,igd,R2,0.2742542348229948,0
2,DTLZ5,igd+,EPS+,0.0020227137734421244,1
2,DTLZ5,igd+,IGD+,0.15027050802231529,0
2,DTLZ5,igd+,R2,0.04037830272785661,1
2,DTLZ5,r2,EPS+,8.709672525647198e-35,1
2,DTLZ5,r2,IGD+,0.7143050887803968,0
2,DTLZ5,r2,R2,4.942196504989711e-22,1
2,DTLZ5,s-energy,EPS+,1.0905438527014453e-35,1
2,DTLZ5,s-energy,IGD+,7.040517785503552e-07,1
2,DTLZ5,s-energy,R2,3.182857389451764e-08,1
2,DTLZ5,spd,EPS+,1.5120257549130607e-35,1
2,DTLZ5,spd,IGD+,5.268089103397553e-12,1
2,DTLZ5,spd,R2,9.53305441844599e-23,1
2,DTLZ6,eps+,EPS+,0.0008026431716194885,1
2,DTLZ6,eps+,IGD+,0.0007019905298924663,1
2,DTLZ6,eps+,R2,7.049542519311611e-19,1
2,DTLZ6,hv,EPS+,1.2379442054435104e-22,1
2,DTLZ6,hv,IGD+,9.569607771876676e-17,1
2,DTLZ6,hv,R2,1.7943925982064833e-05,1
2,DTLZ6,igd,EPS+,3.288276917633609e-33,1
2,DTLZ6,igd,IGD+,0.009481064473400566,1
2,DTLZ6,igd,R2,0.0012502741914163598,1
2,DTLZ6,igd+,EPS+,0.0012418292070441796,1
2,DTLZ6,igd+,IGD+,0.3018197378623207,0
2,DTLZ6,igd+,R2,6.246517627364247e-06,1
2,DTLZ6,r2,EPS+,1.750373411391418e-32,1
2,DTLZ6,r2,IGD+,0.05905230545492722,0
2,DTLZ6,r2,R2,2.000824073590093e-14,1
2,DTLZ6,s-energy,EPS+,1.8178725997659094e-36,1
2,DTLZ6,s-energy,IGD+,3.1017131108849075e-14,1
2,DTLZ6,s-energy,R2,7.926531691378794e-09,1
2,DTLZ6,spd,EPS+,9.994744421477733e-34,1
2,DTLZ6,spd,IGD+,9.692241839031994e-24,1
2,DTLZ6,spd,R2,4.398019637654279e-22,1
2,DTLZ7,eps+,EPS+,4.682450505892816e-11,1
2,DTLZ7,eps+,IGD+,0.11307359186574455,0
2,DTLZ7,eps+,R2,7.836298853523786e-07,1
2,DTLZ7,hv,EPS+,3.7132326155775464e-29,1
2,DTLZ7,hv,IGD+,2.3461824840596276e-07,1
2,DTLZ7,hv,R2,0.0012627122525845065,1
2,DTLZ7,igd,EPS+,3.6012554503722196e-27,1
2,DTLZ7,igd,IGD+,0.28021863052857404,0
2,DTLZ7,igd,R2,0.5607915987654991,0
2,DTLZ7,igd+,EPS+,1.066206102888473e-14,1
2,DTLZ7,igd+,IGD+,0.13173076947992868,0
2,DTLZ7,igd+,R2,0.04424280545053034,1
2,DTLZ7,r2,EPS+,1.0561832311751307e-11,1
2,DTLZ7,r2,IGD+,0.562248831337985,0
2,DTLZ7,r2,R2,0.41804394635463815,0
2,DTLZ7,s-energy,EPS+,5.1440454765322007e-33,1
2,DTLZ7,s-energy,IGD+,0.0015312217733807999,1
2,DTLZ7,s-energy,R2,0.4107258936852127,0
2,DTLZ7,spd,EPS+,5.101751732299488e-24,1
2,DTLZ7,spd,IGD+,0.2822353922628747,0
2,DTLZ7,spd,R2,0.8961336288917905,0
2,WFG1,eps+,EPS+,0.6731403089262857,0
2,WFG1,eps+,IGD+,0.1915802722187505,0
2,WFG1,eps+,R2,0.5209256854620139,0
2,WFG1,hv,EPS+,0.6439296699965871,0
2,WFG1,hv,IGD+,0.5555458726852709,0
2,WFG1,hv,R2,0.8676063857466354,0
2,WFG1,igd,EPS+,0.6306129910098625,0
2,WFG1,igd,IGD+,0.5312410328820005,0
2,WFG1,igd,R2,0.8953882121777428,0
2,WFG1,igd+,EPS+,0.6323890100473556,0
2,WFG1,igd+,IGD+,0.5312410328820005,0
2,WFG1,igd+,R2,0.8923892644006094,0
2,WFG1,r2,EPS+,0.00023994612797052596,1
2,WFG1,r2,IGD+,0.2491024675024994,0
2,WFG1,r2,R2,0.5072797634154799,0
2,WFG1,s-energy,EPS+,1.1886410494705972e-29,1
2,WFG1,s-energy,IGD+,0.42078536191672156,0
2,WFG1,s-energy,R2,0.9581002385347032,0
2,WFG1,spd,EPS+,1.773756080506726e-16,1
2,WFG1,spd,IGD+,0.6243968755865469,0
2,WFG1,spd,R2,0.5730750372044933,0
2,WFG2,eps+,EPS+,0.4721296214891748,0
2,WFG2,eps+,IGD+,0.8190675640870018,0
2,WFG2,eps+,R2,0.9304203070906346,0
2,WFG2,hv,EPS+,0.6837065399801393,0
2,WFG2,hv,IGD+,0.897167445488158,0
2,WFG2,hv,R2,0.9830840932312683,0
2,WFG2,igd,EPS+,0.0005474985217632294,1
2,WFG2,igd,IGD+,0.06141635019949388,0
2,WFG2,igd,R2,0.3428392263701882,0
2,WFG2,igd+,EPS+,0.739101706010302,0
2,WFG2,igd+,IGD+,0.8448334644665692,0
2,WFG2,igd+,R2,0.986102517454306,0
2,WFG2,r2,EPS+,0.004804952978983637,1
2,WFG2,r2,IGD+,0.3146691329953259,0
2,WFG2,r2,R2,0.9798865355472796,0
2,WFG2,s-energy,EPS+,2.1911129158597746e-18,1
2,WFG2,s-energy,IGD+,0.11905221652274223,0
2,WFG2,s-energy,R2,0.0793333656134251,0
2,WFG2,spd,EPS+,8.884508437254883e-07,1
2,WFG2,spd,IGD+,0.15589599285220396,0
2,WFG2,spd,R2,0.02865650802192376,1
2,WFG3,eps+,EPS+,0.27248287684154165,0
2,WFG3,eps+,IGD+,0.5312410328820005,0
2,WFG3,eps+,R2,0.0039024274596209468,1
2,WFG3,hv,EPS+,0.022667394506515202,1
2,WFG3,hv,IGD+,0.4184522483073809,0
2,WFG3,hv,R2,0.3101037212232007,0
2,WFG3,igd,EPS+,0.16525777841622813,0
2,WFG3,igd,IGD+,0.7617615582254397,0
2,WFG3,igd,R2,0.01006341795573003,1
2,WFG3,igd+,EPS+,0.03012435562741895,1
2,WFG3,igd+,IGD+,0.28749755900384744,0
2,WFG3,igd+,R2,0.2742542348229948,0
2,WFG3,r2,EPS+,0.07456538064314037,0
2,WFG3,r2,IGD+,0.5286560497148146,0
2,WFG3,r2,R2,0.26605874517110384,0
2,WFG3,s-energy,EPS+,1.429924573188855e-05,1
2,WFG3,s-energy,IGD+,0.5555458726852709,0
2,WFG3,s-energy,R2,0.1680735411146225,0
2,WFG3,spd,EPS+,1.4369386389208415e-09,1
2,WFG3,spd,IGD+,0.21685198486191348,0
2,WFG3,spd,R2,4.819272802019401e-09,1
2,WFG4,eps+,EPS+,0.011509377129316791,1
2,WFG4,eps+,IGD+,1.3146616666526936e-17,1
2,WFG4,eps+,R2,3.8021042040662885e-15,1
2,WFG4,hv,EPS+,0.052411968331185554,0
2,WFG4,hv,IGD+,2.9737502087478636e-06,1
2,WFG4,hv,R2,3.0423107180176147e-13,1
2,WFG4,igd,EPS+,1.3051246377369135e-34,1
2,WFG4,igd,IGD+,0.0182480958784776,1
2,WFG4,igd,R2,1.724608506460254e-10,1
2,WFG4,igd+,EPS+,1.0317101567412952e-07,1
2,WFG4,igd+,IGD+,2.7621632696432484e-16,1
2,WFG4,igd+,R2,6.336514813690106e-20,1
2,WFG4,r2,EPS+,7.47627081558905e-35,1
2,WFG4,r2,IGD+,0.00015464545707636427,1
2,WFG4,r2,R2,4.435969467524478e-08,1
2,WFG4,s-energy,EPS+,1.0498844601596334e-34,1
2,WFG4,s-energy,IGD+,0.1030658373108254,0
2,WFG4,s-energy,R2,0.0007545533150575183,1
2,WFG4,spd,EPS+,6.532414674061784e-35,1
2,WFG4,spd,IGD+,0.43969606897671476,0
2,WFG4,spd,R2,0.9422915159102048,0
2,WFG5,eps+,EPS+,0.013003684883967808,1
2,WFG5,eps+,IGD+,0.4167998917076984,0
2,WFG5,eps+,R2,0.5623007025327686,0
2,WFG5,hv,EPS+,0.016505462717770775,1
2,WFG5,hv,IGD+,0.31013012201159085,0
2,WFG5,hv,R2,0.7220713647236119,0
2,WFG5,igd,EPS+,8.351506585684422e-21,1
2,WFG5,igd,IGD+,0.6985985835577241,0
2,WFG5,igd,R2,0.4754316636460135,0
2,WFG5,igd+,EPS+,0.04789851557387741,1
2,WFG5,igd+,IGD+,0.7926486312612072,0
2,WFG5,igd+,R2,0.5765946639838411,0
2,WFG5,r2,EPS+,1.770207501507511e-26,1
2,WFG5,r2,IGD+,0.2513157712901817,0
2,WFG5,r2,R2,0.6124537927466638,0
2,WFG5,s-energy,EPS+,1.697984335073635e-32,1
2,WFG5,s-energy,IGD+,0.44770061767041447,0
2,WFG5,s-energy,R2,0.19248231964396595,0
2,WFG5,spd,EPS+,8.004395268247287e-21,1
2,WFG5,spd,IGD+,0.5995588603641759,0
2,WFG5,spd,R2,0.26317544807698606,0
2,WFG6,eps+,EPS+,0.471305702675731,0
2,WFG6,eps+,IGD+,0.0011722492970618686,1
2,WFG6,eps+,R2,0.024367550792276205,1
2,WFG6,hv,EPS+,0.3992853493133252,0
2,WFG6,hv,IGD+,0.3205708237018068,0
2,WFG6,hv,R2,0.34146170287860045,0
2,WFG6,igd,EPS+,1.781186257141391e-16,1
2,WFG6,igd,IGD+,0.17675640954680408,0
2,WFG6,igd,R2,0.12332495652399199,0
2,WFG6,igd+,EPS+,0.46883780525994556,0
2,WFG6,igd+,IGD+,0.2986647867616229,0
2,WFG6,igd+,R2,0.30245348713629544,0
2,WFG6,r2,EPS+,2.8095853447429636e-29,1
2,WFG6,r2,IGD+,0.28323538565372386,0
2,WFG6,r2,R2,0.39250865286740627,0
2,WFG6,s-energy,EPS+,1.0095516615441825e-34,1
2,WFG6,s-energy,IGD+,8.573721387533445e-06,1
2,WFG6,s-energy,R2,0.055735252780486216,0
2,WFG6,spd,EPS+,4.433853739101672e-35,1
2,WFG6,spd,IGD+,0.13041343265483285,0
2,WFG6,spd,R2,0.4770864704252735,0
2,WFG7,eps+,EPS+,0.0005907957571864999,1
2,WFG7,eps+,IGD+,6.07677398356582e-17,1
2,WFG7,eps+,R2,3.0300097540055075e-19,1
2,WFG7,hv,EPS+,1.5559719548432857e-09,1
2,WFG7,hv,IGD+,5.588759327705966e-23,1
2,WFG7,hv,R2,1.2600621242439094e-25,1
2,WFG7,igd,EPS+,5.440750299560185e-35,1
2,WFG7,igd,IGD+,1.1858921787066365e-13,1
2,WFG7,igd,R2,1.1693806624541044e-15,1
2,WFG7,igd+,EPS+,0.00029635819634886846,1
2,WFG7,igd+,IGD+,9.36625528410147e-24,1
2,WFG7,igd+,R2,7.934699423019855e-26,1
2,WFG7,r2,EPS+,1.6211821089586176e-35,1
2,WFG7,r2,IGD+,3.264325191933992e-16,1
2,WFG7,r2,R2,3.447846572485627e-12,1
2,WFG7,s-energy,EPS+,1.8975195826965384e-34,1
2,WFG7,s-energy,IGD+,6.084152722306704e-05,1
2,WFG7,s-energy,R2,0.0017224461171476827,1
2,WFG7,spd,EPS+,1.7687692284774125e-35,1
2,WFG7,spd,IGD+,0.058109208181341444,0
2,WFG7,spd,R2,1.1863159986486921e-06,1
2,WFG8,eps+,EPS+,0.739101706010302,0
2,WFG8,eps+,IGD+,0.5572931185069661,0
2,WFG8,eps+,R2,0.767546313514667,0
2,WFG8,hv,EPS+,0.7020871107656901,0
2,WFG8,hv,IGD+,0.9828821829553651,0
2,WFG8,hv,R2,0.8121989272314252,0
2,WFG8,igd,EPS+,8.664074703956315e-08,1
2,WFG8,igd,IGD+,0.8339825212934144,0
2,WFG8,igd,R2,0.588943373765137,0
2,WFG8,igd+,EPS+,0.4862320020129911,0
2,WFG8,igd+,IGD+,0.8441194047563014,0
2,WFG8,igd+,R2,0.6749039998744133,0
2,WFG8,r2,EPS+,8.018421803816696e-06,1
2,WFG8,r2,IGD+,0.9859253652208261,0
2,WFG8,r2,R2,0.941422863045581,0
2,WFG8,s-energy,EPS+,2.1426969261189086e-22,1
2,WFG8,s-energy,IGD+,0.4169007166381779,0
2,WFG8,s-energy,R2,0.7878602030356412,0
2,WFG8,spd,EPS+,9.62208589386292e-11,1
2,WFG8,spd,IGD+,0.9642469782590378,0
2,WFG8,spd,R2,0.9151829657757685,0
2,WFG9,eps+,EPS+,0.06967344400798813,0
2,WFG9,eps+,IGD+,1.4893389029790128e-09,1
2,WFG9,eps+,R2,4.362048605844235e-06,1
2,WFG9,hv,EPS+,0.3932583307895661,0
2,WFG9,hv,IGD+,0.08710729505147831,0
2,WFG9,hv,R2,0.02239768338287355,1
2,WFG9,igd,EPS+,4.7514035628458944e-30,1
2,WFG9,igd,IGD+,0.00014870796201309517,1
2,WFG9,igd,R2,6.33100965047325e-05,1
2,WFG9,igd+,EPS+,0.9955146643926748,0
2,WFG9,igd+,IGD+,0.010222229064647119,1
2,WFG9,igd+,R2,0.00047657230625547327,1
2,WFG9,r2,EPS+,3.742438888721581e-21,1
2,WFG9,r2,IGD+,0.05124876850412542,0
2,WFG9,r2,R2,0.012009412598749316,1
2,WFG9,s-energy,EPS+,1.5983386010138657e-33,1
2,WFG9,s-energy,IGD+,0.030036117291477323,1
2,WFG9,s-energy,R2,0.020530211063083965,1
2,WFG9,spd,EPS+,7.311979372279395e-28,1
2,WFG9,spd,IGD+,0.45862262907569606,0
2,WFG9,spd,R2,0.04816989196609648,1
3,DTLZ1,eps+,EPS+,3.0877888132206583e-06,1
3,DTLZ1,eps+,IGD+,0.02538533237324372,1
3,DTLZ1,eps+,R2,2.465631772558325e-10,1
3,DTLZ1,hv,EPS+,4.107307663444286e-25,1
3,DTLZ1,hv,IGD+,0.8167884808135237,0
3,DTLZ1,hv,R2,9.005294661188439e-06,1
3,DTLZ1,igd,EPS+,4.201890066398518e-20,1
3,DTLZ1,igd,IGD+,0.02538533237324372,1
3,DTLZ1,igd,R2,2.1569884120924022e-27,1
3,DTLZ1,igd+,EPS+,1.6286149213221973e-17,1
3,DTLZ1,igd+,IGD+,0.7765535633716474,0
3,DTLZ1,igd+,R2,0.030036117291477323,1
3,DTLZ1,r2,EPS+,0.020223358636839286,1
3,DTLZ1,r2,IGD+,0.24800128049614492,0
3,DTLZ1,r2,R2,2.5098321208138634e-21,1
3,DTLZ1,s-energy,EPS+,2.371964260548377e-28,1
3,DTLZ1,s-energy,IGD+,0.3932583307895661,0
3,DTLZ1,s-energy,R2,7.486896536764641e-25,1
3,DTLZ1,spd,EPS+,8.698932029067026e-25,1
3,DTLZ1,spd,IGD+,0.595132779505707,0
3,DTLZ1,spd,R2,3.556275552038048e-13,1
3,DTLZ2,eps+,EPS+,0.0023812670652435166,1
3,DTLZ2,eps+,IGD+,0.29180489921222874,0
3,DTLZ2,eps+,R2,0.004804952978983637,1
3,DTLZ2,hv,EPS+,1.606706127941077e-14,1
3,DTLZ2,hv,IGD+,4.939550982393885e-22,1
3,DTLZ2,hv,R2,7.249197183268239e-28,1
3,DTLZ2,igd,EPS+,1.4203075513234509e-30,1
3,DTLZ2,igd,IGD+,1.9043833714869152e-16,1
3,DTLZ2,igd,R2,4.329470580811337e-06,1
3,DTLZ2,igd+,EPS+,5.257473833019713e-10,1
3,DTLZ2,igd+,IGD+,1.6867620755046716e-15,1
3,DTLZ2,igd+,R2,4.207978799226037e-24,1
3,DTLZ2,r2,EPS+,1.5880221733220448e-29,1
3,DTLZ2,r2,IGD+,2.0617429324471571e-07,1
3,DTLZ2,r2,R2,0.22367181681149945,0
3,DTLZ2,s-energy,EPS+,1.712790642088817e-32,1
3,DTLZ2,s-energy,IGD+,2.5881658260477253e-31,1
3,DTLZ2,s-energy,R2,3.715157375082327e-28,1
3,DTLZ2,spd,EPS+,6.210553110967104e-31,1
3,DTLZ2,spd,IGD+,5.904568380465503e-19,1
3,DTLZ2,spd,R2,2.3432118508827666e-29,1
3,DTLZ3,eps+,EPS+,0.16446040598036954,0
3,DTLZ3,eps+,IGD+,0.6740222776986423,0
3,DTLZ3,eps+,R2,0.3835773520239146,0
3,DTLZ3,hv,EPS+,0.183178185522792,0
3,DTLZ3,hv,IGD+,0.011076006437784041,1
3,DTLZ3,hv,R2,0.030479717216233805,1
3,DTLZ3,igd,EPS+,6.869492747546923e-27,1
3,DTLZ3,igd,IGD+,0.34699322729947946,0
3,DTLZ3,igd,R2,0.14481473835646563,0
3,DTLZ3,igd+,EPS+,0.12430749826835226,0
3,DTLZ3,igd+,IGD+,0.010286417909865165,1
3,DTLZ3,igd+,R2,0.10577635381416024,0
3,DTLZ3,r2,EPS+,5.724323323538115e-26,1
3,DTLZ3,r2,IGD+,0.0001341059420199815,1
3,DTLZ3,r2,R2,0.13041343265483285,0
3,DTLZ3,s-energy,EPS+,1.7712398405477784e-30,1
3,DTLZ3,s-energy,IGD+,2.602478341240518e-19,1
3,DTLZ3,s-energy,R2,7.863609987608701e-23,1
3,DTLZ3,spd,EPS+,1.5706426429759663e-25,1
3,DTLZ3,spd,IGD+,2.4927417610945367e-05,1
3,DTLZ3,spd,R2,0.0010092915043996022,1
3,DTLZ4,eps+,EPS+,0.07336997580503073,0
3,DTLZ4,eps+,IGD+,0.6584344638098883,0
3,DTLZ4,eps+,R2,0.32689085730806283,0
3,DTLZ4,hv,EPS+,3.742756163063071e-07,1
3,DTLZ4,hv,IGD+,6.225563226283987e-11,1
3,DTLZ4,hv,R2,3.483710335430402e-08,1
3,DTLZ4,igd,EPS+,1.985951240894523e-12,1
3,DTLZ4,igd,IGD+,0.00021277766406319943,1
3,DTLZ4,igd,R2,0.6241679679513131,0
3,DTLZ4,igd+,EPS+,2.1904850722903384e-06,1
3,DTLZ4,igd+,IGD+,1.0373648764042309e-06,1
3,DTLZ4,igd+,R2,0.001394448993893526,1
3,DTLZ4,r2,EPS+,5.336885495264026e-11,1
3,DTLZ4,r2,IGD+,0.015413643165380856,1
3,DTLZ4,r2,R2,0.27030542543460384,0
3,DTLZ4,s-energy,EPS+,3.6610808910474307e-09,1
3,DTLZ4,s-energy,IGD+,4.0405341798598916e-11,1
3,DTLZ4,s-energy,R2,3.880148834348095e-15,1
3,DTLZ4,spd,EPS+,7.00354232672987e-12,1
3,DTLZ4,spd,IGD+,1.8345467940687294e-07,1
3,DTLZ4,spd,R2,2.531551017927579e-10,1
3,DTLZ5,eps+,EPS+,2.8948039980922133e-10,1
3,DTLZ5,eps+,IGD+,0.43176421516504576,0
3,DTLZ5,eps+,R2,0.9698036847647686,0
3,DTLZ5,hv,EPS+,6.927605035147329e-17,1
3,DTLZ5,hv,IGD+,0.9896558389623701,0
3,DTLZ5,hv,R2,0.7908059160670129,0
3,DTLZ5,igd,EPS+,7.864259094989211e-09,1
3,DTLZ5,igd,IGD+,0.7846484613755182,0
3,DTLZ5,igd,R2,0.1888943462271093,0
3,DTLZ5,igd+,EPS+,5.008630437176626e-14,1
3,DTLZ5,igd+,IGD+,0.8959829745869182,0
3,DTLZ5,igd+,R2,0.5485708628782705,0
3,DTLZ5,r2,EPS+,0.0009079532936593971,1
3,DTLZ5,r2,IGD+,0.46883780525994556,0
3,DTLZ5,r2,R2,0.04349338820122365,1
3,DTLZ5,s-energy,EPS+,0.012909243706580881,1
3,DTLZ5,s-energy,IGD+,0.2796180446177935,0
3,DTLZ5,s-energy,R2,0.07785439349365403,0
3,DTLZ5,spd,EPS+,8.884063713794377e-05,1
3,DTLZ5,spd,IGD+,0.692478796488464,0
3,DTLZ5,spd,R2,0.024642035557816057,1
3,DTLZ6,eps+,EPS+,0.012829626109801956,1
3,DTLZ6,eps+,IGD+,0.5564193263537409,0
3,DTLZ6,eps+,R2,0.8511982341507622,0
3,DTLZ6,hv,EPS+,4.7144468859284975e-07,1
3,DTLZ6,hv,IGD+,0.7851081915859134,0
3,DTLZ6,hv,R2,0.984069977224708,0
3,DTLZ6,igd,EPS+,0.100415779571622,0
3,DTLZ6,igd,IGD+,0.5329665556047414,0
3,DTLZ6,igd,R2,0.26260154261998014,0
3,DTLZ6,igd+,EPS+,0.002413108919857047,1
3,DTLZ6,igd+,IGD+,0.6845852133815667,0
3,DTLZ6,igd+,R2,0.9270111806040959,0
3,DTLZ6,r2,EPS+,0.8469242219897163,0
3,DTLZ6,r2,IGD+,0.8986451927879896,0
3,DTLZ6,r2,R2,0.6954560131812852,0
3,DTLZ6,s-energy,EPS+,1.1192170819981547e-07,1
3,DTLZ6,s-energy,IGD+,0.1320618562877206,0
3,DTLZ6,s-energy,R2,0.8635835566798231,0
3,DTLZ6,spd,EPS+,2.3238157304464787e-09,1
3,DTLZ6,spd,IGD+,0.35250694936636545,0
3,DTLZ6,spd,R2,0.7279326066810384,0
3,DTLZ7,eps+,EPS+,7.049542519311611e-19,1
3,DTLZ7,eps+,IGD+,0.057787491916949325,0
3,DTLZ7,eps+,R2,0.3258787372196052,0
3,DTLZ7,hv,EPS+,4.841055563978927e-26,1
3,DTLZ7,hv,IGD+,0.0007782194916260485,1
3,DTLZ7,hv,R2,2.4446784179630475e-18,1
3,DTLZ7,igd,EPS+,2.3008267996368543e-24,1
3,DTLZ7,igd,IGD+,0.006564500937983096,1
3,DTLZ7,igd,R2,0.008384607630416928,1
3,DTLZ7,igd+,EPS+,1.0529828559328645e-19,1
3,DTLZ7,igd+,IGD+,1.9564071207886262e-06,1
3,DTLZ7,igd+,R2,2.5811396216524036e-13,1
3,DTLZ7,r2,EPS+,1.5058247742401082e-13,1
3,DTLZ7,r2,IGD+,0.20357223477846811,0
3,DTLZ7,r2,R2,0.3635533907441956,0
3,DTLZ7,s-energy,EPS+,2.6985582104879085e-27,1
3,DTLZ7,s-energy,IGD+,0.6731403089262857,0
3,DTLZ7,s-energy,R2,0.08083716896669693,0
3,DTLZ7,spd,EPS+,5.8733561700729744e-30,1
3,DTLZ7,spd,IGD+,0.9493742167265495,0
3,DTLZ7,spd,R2,0.4614694010431025,0
3,WFG1,eps+,EPS+,0.041909336987642945,1
3,WFG1,eps+,IGD+,5.7597205140523016e-08,1
3,WFG1,eps+,R2,0.1589667590528908,0
3,WFG1,hv,EPS+,0.23878783068731735,0
3,WFG1,hv,IGD+,1.7516174838548488e-05,1
3,WFG1,hv,R2,0.8044593482988034,0
3,WFG1,igd,EPS+,0.023706075804050663,1
3,WFG1,igd,IGD+,1.7268140849493232e-06,1
3,WFG1,igd,R2,0.7846484613755182,0
3,WFG1,igd+,EPS+,0.005175827002179373,1
3,WFG1,igd+,IGD+,2.1340465466872456e-06,1
3,WFG1,igd+,R2,0.7894602806676779,0
3,WFG1,r2,EPS+,1.5830056050055078e-22,1
3,WFG1,r2,IGD+,7.804772847586513e-05,1
3,WFG1,r2,R2,0.5529275789151552,0
3,WFG1,s-energy,EPS+,1.1209212199328557e-23,1
3,WFG1,s-energy,IGD+,0.43176421516504576,0
3,WFG1,s-energy,R2,0.08062080720213362,0
3,WFG1,spd,EPS+,3.632406643886141e-27,1
3,WFG1,spd,IGD+,0.06560783802869725,0
3,WFG1,spd,R2,0.34077428352481376,0
3,WFG2,eps+,EPS+,0.08214615595675902,0
3,WFG2,eps+,IGD+,0.00011666693482426487,1
3,WFG2,eps+,R2,0.08105404419462905,0
3,WFG2,hv,EPS+,1.5413507483436335e-06,1
3,WFG2,hv,IGD+,0.008763523920132691,1
3,WFG2,hv,R2,0.9342062010267114,0
3,WFG2,igd,EPS+,1.980426706690617e-18,1
3,WFG2,igd,IGD+,0.3747672092222703,0
3,WFG2,igd,R2,0.8553785061754922,0
3,WFG2,igd+,EPS+,0.01067966485753884,1
3,WFG2,igd+,IGD+,5.094737280585064e-05,1
3,WFG2,igd+,R2,0.7271603067968695,0
3,WFG2,r2,EPS+,0.21565264215894653,0
3,WFG2,r2,IGD+,0.047628532658498854,1
3,WFG2,r2,R2,0.9677121274419392,0
3,WFG2,s-energy,EPS+,2.281735268762899e-25,1
3,WFG2,s-energy,IGD+,0.7942368170979829,0
3,WFG2,s-energy,R2,0.8175493499659781,0
3,WFG2,spd,EPS+,6.766618406694517e-24,1
3,WFG2,spd,IGD+,0.31859537931198445,0
3,WFG2,spd,R2,0.8929923940859454,0
3,WFG3,eps+,EPS+,6.12991986890244e-08,1
3,WFG3,eps+,IGD+,0.012869376641461244,1
3,WFG3,eps+,R2,0.14162138041667013,0
3,WFG3,hv,EPS+,3.197119063217083e-05,1
3,WFG3,hv,IGD+,0.4270407955263265,0
3,WFG3,hv,R2,0.07827444224250002,0
3,WFG3,igd,EPS+,4.228525071761256e-14,1
3,WFG3,igd,IGD+,0.4870670422834772,0
3,WFG3,igd,R2,0.7878602030356412,0
3,WFG3,igd+,EPS+,5.7597205140523016e-08,1
3,WFG3,igd+,IGD+,0.01533784472922164,1
3,WFG3,igd+,R2,0.09554361605796885,0
3,WFG3,r2,EPS+,1.3131389997020647e-28,1
3,WFG3,r2,IGD+,0.6137441278305724,0
3,WFG3,r2,R2,0.858822765959192,0
3,WFG3,s-energy,EPS+,1.394853369642067e-29,1
3,WFG3,s-energy,IGD+,0.31859537931198445,0
3,WFG3,s-energy,R2,0.4671957801732515,0
3,WFG3,spd,EPS+,7.653472744138651e-32,1
3,WFG3,spd,IGD+,0.42078536191672156,0
3,WFG3,spd,R2,0.5329665556047414,0
3,WFG4,eps+,EPS+,2.2003489501997024e-05,1
3,WFG4,eps+,IGD+,0.057787491916949325,0
3,WFG4,eps+,R2,0.00029531935098987507,1
3,WFG4,hv,EPS+,0.11138282094480909,0
3,WFG4,hv,IGD+,3.3862326457827297e-25,1
3,WFG4,hv,R2,8.56426834314686e-23,1
3,WFG4,igd,EPS+,2.1481981629115704e-26,1
3,WFG4,igd,IGD+,1.8317700888502937e-10,1
3,WFG4,igd,R2,6.042829990974355e-07,1
3,WFG4,igd+,EPS+,1.6376658055448331e-06,1
3,WFG4,igd+,IGD+,1.0229856996253107e-21,1
3,WFG4,igd+,R2,9.986303250804776e-23,1
3,WFG4,r2,EPS+,9.813271845558818e-21,1
3,WFG4,r2,IGD+,3.072793312233243e-08,1
3,WFG4,r2,R2,0.05481048427745455,0
3,WFG4,s-energy,EPS+,5.003001420213332e-28,1
3,WFG4,s-energy,IGD+,3.869569397270791e-08,1
3,WFG4,s-energy,R2,3.8229280282870524e-05,1
3,WFG4,spd,EPS+,1.1697790548863852e-27,1
3,WFG4,spd,IGD+,5.236488578884137e-10,1
3,WFG4,spd,R2,0.0011064637095016998,1
3,WFG5,eps+,EPS+,0.011331632020517925,1
3,WFG5,eps+,IGD+,0.7159718241721789,0
3,WFG5,eps+,R2,0.01701626128684442,1
3,WFG5,hv,EPS+,0.007132141532058013,1
3,WFG5,hv,IGD+,3.9805559227652847e-07,1
3,WFG5,hv,R2,0.012829626109801956,1
3,WFG5,igd,EPS+,2.6446390247168504e-29,1
3,WFG5,igd,IGD+,2.6271297071525796e-16,1
3,WFG5,igd,R2,1.2522901251749402e-07,1
3,WFG5,igd+,EPS+,9.063391067808905e-09,1
3,WFG5,igd+,IGD+,3.989587910833106e-13,1
3,WFG5,igd+,R2,3.846121099709003e-09,1
3,WFG5,r2,EPS+,9.381760980569791e-26,1
3,WFG5,r2,IGD+,7.756641953519898e-14,1
3,WFG5,r2,R2,0.7159718241721789,0
3,WFG5,s-energy,EPS+,8.601037275124951e-29,1
3,WFG5,s-energy,IGD+,4.931532579159673e-10,1
3,WFG5,s-energy,R2,3.724402447381171e-18,1
3,WFG5,spd,EPS+,2.4786348337735404e-29,1
3,WFG5,spd,IGD+,1.6320490832359057e-09,1
3,WFG5,spd,R2,2.3414580192286042e-14,1
3,WFG6,eps+,EPS+,0.9113949024699424,0
3,WFG6,eps+,IGD+,6.011763378462915e-08,1
3,WFG6,eps+,R2,1.0673831216963992e-05,1
3,WFG6,hv,EPS+,0.11754315408022065,0
3,WFG6,hv,IGD+,1.8728496459484946e-13,1
3,WFG6,hv,R2,1.2033779265994672e-08,1
3,WFG6,igd,EPS+,1.7013353324127067e-28,1
3,WFG6,igd,IGD+,5.087130267502477e-07,1
3,WFG6,igd,R2,2.5302457915291626e-22,1
3,WFG6,igd+,EPS+,0.006997127272259921,1
3,WFG6,igd+,IGD+,4.005230268996597e-16,1
3,WFG6,igd+,R2,1.4211994429569174e-16,1
3,WFG6,r2,EPS+,1.954085838405059e-23,1
3,WFG6,r2,IGD+,0.02173647571804556,1
3,WFG6,r2,R2,0.008046780546049383,1
3,WFG6,s-energy,EPS+,5.620829984524893e-28,1
3,WFG6,s-energy,IGD+,0.0015158246339355046,1
3,WFG6,s-energy,R2,5.220892151785529e-06,1
3,WFG6,spd,EPS+,2.2137202543023997e-28,1
3,WFG6,spd,IGD+,0.009158715713026403,1
3,WFG6,spd,R2,0.00020540423559123097,1
3,WFG7,eps+,EPS+,0.036402521595784575,1
3,WFG7,eps+,IGD+,0.0004985780787577357,1
3,WFG7,eps+,R2,6.416818418931538e-17,1
3,WFG7,hv,EPS+,4.1393383733911365e-11,1
3,WFG7,hv,IGD+,1.7626100662469448e-26,1
3,WFG7,hv,R2,3.175168639808841e-25,1
3,WFG7,igd,EPS+,2.455275836707173e-28,1
3,WFG7,igd,IGD+,9.72823039266511e-06,1
3,WFG7,igd,R2,0.0009172994696523374,1
3,WFG7,igd+,EPS+,3.405916250683923e-12,1
3,WFG7,igd+,IGD+,7.359595419913596e-25,1
3,WFG7,igd+,R2,1.8732416985257055e-24,1
3,WFG7,r2,EPS+,7.344264167230479e-26,1
3,WFG7,r2,IGD+,0.00010938875742930718,1
3,WFG7,r2,R2,0.03526158737855813,1
3,WFG7,s-energy,EPS+,4.8217017686227666e-29,1
3,WFG7,s-energy,IGD+,4.505868839531248e-09,1
3,WFG7,s-energy,R2,3.344249095828367e-10,1
3,WFG7,spd,EPS+,1.0901646706581686e-29,1
3,WFG7,spd,IGD+,3.616347543229118e-07,1
3,WFG7,spd,R2,4.488077892287784e-09,1
3,WFG8,eps+,EPS+,0.2097860905422322,0
3,WFG8,eps+,IGD+,3.123471274109279e-20,1
3,WFG8,eps+,R2,6.0254600293597415e-12,1
3,WFG8,hv,EPS+,0.0035621759399387747,1
3,WFG8,hv,IGD+,3.8184028812474066e-29,1
3,WFG8,hv,R2,1.6196707542172763e-21,1
3,WFG8,igd,EPS+,1.067190267792488e-25,1
3,WFG8,igd,IGD+,4.939215806318208e-25,1
3,WFG8,igd,R2,3.1077931528372287e-19,1
3,WFG8,igd+,EPS+,0.013029547260942208,1
3,WFG8,igd+,IGD+,7.392456132688618e-32,1
3,WFG8,igd+,R2,8.227410433475062e-25,1
3,WFG8,r2,EPS+,2.520524732584324e-21,1
3,WFG8,r2,IGD+,0.3265463160623017,0
3,WFG8,r2,R2,0.08618611091657062,0
3,WFG8,s-energy,EPS+,1.8308607137329065e-28,1
3,WFG8,s-energy,IGD+,0.029338790139099773,1
3,WFG8,s-energy,R2,0.002288159707380808,1
3,WFG8,spd,EPS+,5.996432378412839e-28,1
3,WFG8,spd,IGD+,0.009274707534573646,1
3,WFG8,spd,R2,0.0006052597903186132,1
3,WFG9,eps+,EPS+,0.001254517575464882,1
3,WFG9,eps+,IGD+,4.0236340384405653e-08,1
3,WFG9,eps+,R2,1.3446688140033705e-06,1
3,WFG9,hv,EPS+,0.02622705729876207,1
3,WFG9,hv,IGD+,5.246404073997311e-19,1
3,WFG9,hv,R2,1.2551517371636139e-10,1
3,WFG9,igd,EPS+,3.449458250248249e-27,1
3,WFG9,igd,IGD+,9.408475417895263e-06,1
3,WFG9,igd,R2,4.249610806838007e-08,1
3,WFG9,igd+,EPS+,0.0015572213887738687,1
3,WFG9,igd+,IGD+,1.4560939110572305e-20,1
3,WFG9,igd+,R2,2.6097684030868112e-11,1
3,WFG9,r2,EPS+,8.861691935694784e-23,1
3,WFG9,r2,IGD+,0.017864587092357245,1
3,WFG9,r2,R2,7.804772847586513e-05,1
3,WFG9,s-energy,EPS+,1.3475954698016746e-28,1
3,WFG9,s-energy,IGD+,3.121235939838531e-08,1
3,WFG9,s-energy,R2,4.569600833449994e-21,1
3,WFG9,spd,EPS+,1.6650122589777072e-28,1
3,WFG9,spd,IGD+,1.262026032691743e-07,1
3,WFG9,spd,R2,4.480273916187798e-15,1
4,DTLZ1,eps+,EPS+,0.520069101895909,0
4,DTLZ1,eps+,IGD+,0.06687777639952666,0
4,DTLZ1,eps+,R2,5.512576789131825e-09,1
4,DTLZ1,hv,EPS+,7.720842125542041e-29,1
4,DTLZ1,hv,IGD+,0.12379492631022496,0
4,DTLZ1,hv,R2,4.3984278334254657e-07,1
4,DTLZ1,igd,EPS+,7.984181341441476e-25,1
4,DTLZ1,igd,IGD+,0.22367181681149945,0
4,DTLZ1,igd,R2,6.695293163718749e-29,1
4,DTLZ1,igd+,EPS+,2.52844208448381e-18,1
4,DTLZ1,igd+,IGD+,0.3238814491959969,0
4,DTLZ1,igd+,R2,2.014585335231839e-05,1
4,DTLZ1,r2,EPS+,1.3214962837212855e-18,1
4,DTLZ1,r2,IGD+,0.3435293292010837,0
4,DTLZ1,r2,R2,1.0938503722570902e-19,1
4,DTLZ1,s-energy,EPS+,3.1362789036740873e-30,1
4,DTLZ1,s-energy,IGD+,0.8525973189896698,0
4,DTLZ1,s-energy,R2,0.02576476605460239,1
4,DTLZ1,spd,EPS+,9.486520579144598e-27,1
4,DTLZ1,spd,IGD+,0.13107070099718815,0
4,DTLZ1,spd,R2,3.105455115874358e-13,1
4,DTLZ2,eps+,EPS+,0.014424786510323865,1
4,DTLZ2,eps+,IGD+,2.5771566573125152e-06,1
4,DTLZ2,eps+,R2,2.8920202193830966e-16,1
4,DTLZ2,hv,EPS+,0.18505897180753375,0
4,DTLZ2,hv,IGD+,5.7889170997437804e-24,1
4,DTLZ2,hv,R2,1.5806557930525108e-29,1
4,DTLZ2,igd,EPS+,2.865439364136105e-26,1
4,DTLZ2,igd,IGD+,2.4061735090625988e-17,1
4,DTLZ2,igd,R2,5.581471475206185e-24,1
4,DTLZ2,igd+,EPS+,0.10550255264379886,0
4,DTLZ2,igd+,IGD+,2.2939484778443053e-22,1
4,DTLZ2,igd+,R2,1.6439043673205278e-29,1
4,DTLZ2,r2,EPS+,1.010007930904939e-21,1
4,DTLZ2,r2,IGD+,2.6239840351968643e-05,1
4,DTLZ2,r2,R2,2.5156040243706106e-10,1
4,DTLZ2,s-energy,EPS+,3.9698061049388174e-29,1
4,DTLZ2,s-energy,IGD+,1.8139361580339464e-31,1
4,DTLZ2,s-energy,R2,2.532779032944383e-29,1
4,DTLZ2,spd,EPS+,1.4386211728232474e-27,1
4,DTLZ2,spd,IGD+,1.5039745793860966e-33,1
4,DTLZ2,spd,R2,3.479355810963068e-33,1
4,DTLZ3,eps+,EPS+,0.003814243163211142,1
4,DTLZ3,eps+,IGD+,0.00021204810968295922,1
4,DTLZ3,eps+,R2,1.0624955470830298e-06,1
4,DTLZ3,hv,EPS+,0.11575393094491353,0
4,DTLZ3,hv,IGD+,1.0040779690737491e-07,1
4,DTLZ3,hv,R2,1.686753385149693e-07,1
4,DTLZ3,igd,EPS+,1.0206495208868632e-26,1
4,DTLZ3,igd,IGD+,0.16726506516619857,0
4,DTLZ3,igd,R2,0.01722471646223459,1
4,DTLZ3,igd+,EPS+,0.40004240563692073,0
4,DTLZ3,igd+,IGD+,1.2093929304017125e-07,1
4,DTLZ3,igd+,R2,6.042829990974355e-07,1
4,DTLZ3,r2,EPS+,9.236534174559448e-22,1
4,DTLZ3,r2,IGD+,0.015384899362472775,1
4,DTLZ3,r2,R2,0.7029582246456687,0
4,DTLZ3,s-energy,EPS+,1.2795629409653631e-28,1
4,DTLZ3,s-energy,IGD+,1.3473951474835767e-13,1
4,DTLZ3,s-energy,R2,2.767943047514146e-13,1
4,DTLZ3,spd,EPS+,8.037616826224326e-26,1
4,DTLZ3,spd,IGD+,1.4148915085439807e-11,1
4,DTLZ3,spd,R2,2.7921773966719123e-10,1
4,DTLZ4,eps+,EPS+,0.7948603827041878,0
4,DTLZ4,eps+,IGD+,0.00820730752762865,1
4,DTLZ4,eps+,R2,0.00011838220127876333,1
4,DTLZ4,hv,EPS+,0.23750768193924462,0
4,DTLZ4,hv,IGD+,2.0337130938411762e-08,1
4,DTLZ4,hv,R2,0.00017114240069619695,1
4,DTLZ4,igd,EPS+,8.970820730421347e-05,1
4,DTLZ4,igd,IGD+,0.00035853247997085706,1
4,DTLZ4,igd,R2,0.00041341988134931617,1
4,DTLZ4,igd+,EPS+,0.36500237039162475,0
4,DTLZ4,igd+,IGD+,1.5079998672083335e-07,1
4,DTLZ4,igd+,R2,6.071564519272036e-05,1
4,DTLZ4,r2,EPS+,1.1701959013492817e-05,1
4,DTLZ4,r2,IGD+,0.03080438550339267,1
4,DTLZ4,r2,R2,0.02134292237401191,1
4,DTLZ4,s-energy,EPS+,0.00010502012305657369,1
4,DTLZ4,s-energy,IGD+,1.039490492888078e-09,1
4,DTLZ4,s-energy,R2,0.005501900824939271,1
4,DTLZ4,spd,EPS+,0.00013315851083896293,1
4,DTLZ4,spd,IGD+,2.316537955488528e-11,1
4,DTLZ4,spd,R2,1.6836852836917072e-06,1
4,DTLZ5,eps+,EPS+,2.2321401334405883e-16,1
4,DTLZ5,eps+,IGD+,0.0633066197353766,0
4,DTLZ5,eps+,R2,0.26145648392968185,0
4,DTLZ5,hv,EPS+,3.2397800687747577e-22,1
4,DTLZ5,hv,IGD+,0.08897567793842838,0
4,DTLZ5,hv,R2,0.05182740641385391,0
4,DTLZ5,igd,EPS+,6.380111360003915e-09,1
4,DTLZ5,igd,IGD+,0.6740222776986423,0
4,DTLZ5,igd,R2,0.9982889514834549,0
4,DTLZ5,igd+,EPS+,2.6263419293151213e-30,1
4,DTLZ5,igd+,IGD+,0.8532947455901808,0
4,DTLZ5,igd+,R2,0.32123112804837384,0
4,DTLZ5,r2,EPS+,0.00023825937903400763,1
4,DTLZ5,r2,IGD+,0.9540495696249531,0
4,DTLZ5,r2,R2,0.11457413598026682,0
4,DTLZ5,s-energy,EPS+,0.00015686169978366464,1
4,DTLZ5,s-energy,IGD+,0.22673752815037995,0
4,DTLZ5,s-energy,R2,0.4428892758116144,0
4,DTLZ5,spd,EPS+,6.483940955055216e-26,1
4,DTLZ5,spd,IGD+,0.24309093534603116,0
4,DTLZ5,spd,R2,0.028825683981732703,1
4,DTLZ6,eps+,EPS+,1.3982658164670246e-13,1
4,DTLZ6,eps+,IGD+,0.18844963187494965,0
4,DTLZ6,eps+,R2,0.7107788135673042,0
4,DTLZ6,hv,EPS+,9.624179438524172e-07,1
4,DTLZ6,hv,IGD+,0.3159742276966658,0
4,DTLZ6,hv,R2,0.4971330417890061,0
4,DTLZ6,igd,EPS+,0.037469143320911766,1
4,DTLZ6,igd,IGD+,0.6031023690090682,0
4,DTLZ6,igd,R2,0.2856653822301755,0
4,DTLZ6,igd+,EPS+,2.3213352213642446e-28,1
4,DTLZ6,igd+,IGD+,0.635052888757072,0
4,DTLZ6,igd+,R2,0.4076574431384801,0
4,DTLZ6,r2,EPS+,0.9097449473263568,0
4,DTLZ6,r2,IGD+,0.3725838375246321,0
4,DTLZ6,r2,R2,0.9284832258924726,0
4,DTLZ6,s-energy,EPS+,0.2552241747204081,0
4,DTLZ6,s-energy,IGD+,0.5880599215984477,0
4,DTLZ6,s-energy,R2,0.6651923252563298,0
4,DTLZ6,spd,EPS+,0.03012435562741895,1
4,DTLZ6,spd,IGD+,0.5424871311172987,0
4,DTLZ6,spd,R2,0.6226209795169693,0
4,DTLZ7,eps+,EPS+,1.292285343450595e-15,1
4,DTLZ7,eps+,IGD+,0.028488254268218775,1
4,DTLZ7,eps+,R2,8.597050546923174e-08,1
4,DTLZ7,hv,EPS+,2.225175976659117e-09,1
4,DTLZ7,hv,IGD+,1.304557059068513e-11,1
4,DTLZ7,hv,R2,1.567090156170779e-19,1
4,DTLZ7,igd,EPS+,2.1677968241664164e-16,1
4,DTLZ7,igd,IGD+,0.004084717501578474,1
4,DTLZ7,igd,R2,0.0075762972094641536,1
4,DTLZ7,igd+,EPS+,5.9651365369425e-08,1
4,DTLZ7,igd+,IGD+,5.310929732960851e-12,1
4,DTLZ7,igd+,R2,1.0773629100577152e-20,1
4,DTLZ7,r2,EPS+,1.4339543313436746e-07,1
4,DTLZ7,r2,IGD+,0.12088493360348579,0
4,DTLZ7,r2,R2,0.05168219355391473,0
4,DTLZ7,s-energy,EPS+,2.5957898780185394e-22,1
4,DTLZ7,s-energy,IGD+,0.0372535451066897,1
4,DTLZ7,s-energy,R2,0.4184522483073809,0
4,DTLZ7,spd,EPS+,4.435711896421872e-21,1
4,DTLZ7,spd,IGD+,0.034352720844820495,1
4,DTLZ7,spd,R2,0.4365144945961706,0
4,WFG1,eps+,EPS+,2.645589176357672e-13,1
4,WFG1,eps+,IGD+,0.24309093534603116,0
4,WFG1,eps+,R2,0.7958209519900618,0
4,WFG1,hv,EPS+,0.5089783871896206,0
4,WFG1,hv,IGD+,0.5660488474673568,0
4,WFG1,hv,R2,0.8669396664151432,0
4,WFG1,igd,EPS+,3.133464671093283e-08,1
4,WFG1,igd,IGD+,0.0793333656134251,0
4,WFG1,igd,R2,0.7263029114170927,0
4,WFG1,igd+,EPS+,4.384354033529889e-08,1
4,WFG1,igd+,IGD+,0.10577635381416024,0
4,WFG1,igd+,R2,0.7194239458039838,0
4,WFG1,r2,EPS+,8.194608806828004e-31,1
4,WFG1,r2,IGD+,0.17802599278610973,0
4,WFG1,r2,R2,0.8843985171013348,0
4,WFG1,s-energy,EPS+,4.974012683146923e-27,1
4,WFG1,s-energy,IGD+,0.09604657464248537,0
4,WFG1,s-energy,R2,0.2986647867616229,0
4,WFG1,spd,EPS+,1.6923774619158972e-31,1
4,WFG1,spd,IGD+,0.035569437094644336,1
4,WFG1,spd,R2,0.03425308139690265,1
4,WFG2,eps+,EPS+,1.101999453326782e-07,1
4,WFG2,eps+,IGD+,0.03957531693892225,1
4,WFG2,eps+,R2,0.5477006178521082,0
4,WFG2,hv,EPS+,2.486799568459252e-09,1
4,WFG2,hv,IGD+,0.8129667239686955,0
4,WFG2,hv,R2,0.42782615000881274,0
4,WFG2,igd,EPS+,1.1452823716009008e-15,1
4,WFG2,igd,IGD+,0.5106790924220931,0
4,WFG2,igd,R2,0.2980365567351671,0
4,WFG2,igd+,EPS+,1.7686108182394094e-08,1
4,WFG2,igd+,IGD+,0.08302918596397735,0
4,WFG2,igd+,R2,0.00022517704097462903,1
4,WFG2,r2,EPS+,0.003851799046361169,1
4,WFG2,r2,IGD+,0.40383985277713247,0
4,WFG2,r2,R2,0.5969027416891481,0
4,WFG2,s-energy,EPS+,4.174052935198909e-28,1
4,WFG2,s-energy,IGD+,0.037903787651497975,1
4,WFG2,s-energy,R2,0.21221517152404884,0
4,WFG2,spd,EPS+,1.8634644862407731e-29,1
4,WFG2,spd,IGD+,0.23035477988888375,0
4,WFG2,spd,R2,0.1823112437060328,0
4,WFG3,eps+,EPS+,7.555756543890736e-05,1
4,WFG3,eps+,IGD+,0.1294327627909057,0
4,WFG3,eps+,R2,0.06192677768809428,0
4,WFG3,hv,EPS+,0.027497848528830193,1
4,WFG3,hv,IGD+,0.1536252258937572,0
4,WFG3,hv,R2,0.9635933389989199,0
4,WFG3,igd,EPS+,1.7939847685440403e-23,1
4,WFG3,igd,IGD+,0.00012265453760608542,1
4,WFG3,igd,R2,0.15064022441773076,0
4,WFG3,igd+,EPS+,1.0804113992608455e-15,1
4,WFG3,igd+,IGD+,3.3525610713854896e-05,1
4,WFG3,igd+,R2,0.00024249820151132763,1
4,WFG3,r2,EPS+,2.7102070694274114e-27,1
4,WFG3,r2,IGD+,0.1178436495870289,0
4,WFG3,r2,R2,0.3747672092222703,0
4,WFG3,s-energy,EPS+,2.9466650844635844e-32,1
4,WFG3,s-energy,IGD+,0.2999240074759007,0
4,WFG3,s-energy,R2,0.6332769942302664,0
4,WFG3,spd,EPS+,1.8201114799985778e-32,1
4,WFG3,spd,IGD+,0.18144760799192658,0
4,WFG3,spd,R2,0.3353072290079855,0
4,WFG4,eps+,EPS+,0.34978036460084383,0
4,WFG4,eps+,IGD+,0.03505772118198618,1
4,WFG4,eps+,R2,7.913991344347524e-13,1
4,WFG4,hv,EPS+,0.6226209795169693,0
4,WFG4,hv,IGD+,9.607218466446053e-21,1
4,WFG4,hv,R2,7.724414377648367e-22,1
4,WFG4,igd,EPS+,1.7717731923291425e-24,1
4,WFG4,igd,IGD+,6.96033978336297e-07,1
4,WFG4,igd,R2,3.3028375841518754e-13,1
4,WFG4,igd+,EPS+,0.004532638003509073,1
4,WFG4,igd+,IGD+,3.2944904707706955e-21,1
4,WFG4,igd+,R2,5.990598947251909e-25,1
4,WFG4,r2,EPS+,3.744836027939234e-22,1
4,WFG4,r2,IGD+,1.3593896980619315e-08,1
4,WFG4,r2,R2,7.957851582194615e-09,1
4,WFG4,s-energy,EPS+,7.050723877173924e-25,1
4,WFG4,s-energy,IGD+,0.009451319764030972,1
4,WFG4,s-energy,R2,0.010158420927648884,1
4,WFG4,spd,EPS+,3.3808170052452956e-22,1
4,WFG4,spd,IGD+,0.0037279783692024176,1
4,WFG4,spd,R2,0.023355009055699857,1
4,WFG5,eps+,EPS+,0.01464811551585444,1
4,WFG5,eps+,IGD+,0.18623861247299103,0
4,WFG5,eps+,R2,0.00040043766337603045,1
4,WFG5,hv,EPS+,1.7873703894451397e-07,1
4,WFG5,hv,IGD+,1.0307452681278792e-11,1
4,WFG5,hv,R2,1.941670391521294e-06,1
4,WFG5,igd,EPS+,7.339708064634402e-22,1
4,WFG5,igd,IGD+,6.497925228190368e-07,1
4,WFG5,igd,R2,2.2757931702758975e-15,1
4,WFG5,igd+,EPS+,5.15434595366219e-09,1
4,WFG5,igd+,IGD+,1.97805095973724e-21,1
4,WFG5,igd+,R2,5.7444409516856015e-18,1
4,WFG5,r2,EPS+,4.0791178050279915e-20,1
4,WFG5,r2,IGD+,0.007697497862640646,1
4,WFG5,r2,R2,2.400295110809641e-14,1
4,WFG5,s-energy,EPS+,1.1233853785034472e-21,1
4,WFG5,s-energy,IGD+,1.6314753173140695e-06,1
4,WFG5,s-energy,R2,6.440032663930659e-29,1
4,WFG5,spd,EPS+,2.4738021033368037e-19,1
4,WFG5,spd,IGD+,8.669655123479679e-05,1
4,WFG5,spd,R2,1.547359930775367e-29,1
4,WFG6,eps+,EPS+,0.060073670699024716,0
4,WFG6,eps+,IGD+,0.1536252258937572,0
4,WFG6,eps+,R2,0.0372535451066897,1
4,WFG6,hv,EPS+,0.22725159849869558,0
4,WFG6,hv,IGD+,3.3290010330116082e-06,1
4,WFG6,hv,R2,2.5806396002774092e-12,1
4,WFG6,igd,EPS+,2.7074454397471025e-24,1
4,WFG6,igd,IGD+,3.296836979570582e-08,1
4,WFG6,igd,R2,5.40373672066293e-19,1
4,WFG6,igd+,EPS+,0.16605831423568623,0
4,WFG6,igd+,IGD+,1.752558948516476e-10,1
4,WFG6,igd+,R2,5.708531209258354e-19,1
4,WFG6,r2,EPS+,3.434687719831731e-23,1
4,WFG6,r2,IGD+,0.00010706325482649083,1
4,WFG6,r2,R2,1.8538823650953983e-08,1
4,WFG6,s-energy,EPS+,8.333904654935834e-25,1
4,WFG6,s-energy,IGD+,0.9695102580504812,0
4,WFG6,s-energy,R2,0.4270407955263265,0
4,WFG6,spd,EPS+,5.332355603208216e-23,1
4,WFG6,spd,IGD+,0.8608719159868548,0
4,WFG6,spd,R2,0.3120438477485538,0
4,WFG7,eps+,EPS+,0.020284383138798573,1
4,WFG7,eps+,IGD+,0.002755010105711647,1
4,WFG7,eps+,R2,6.862130056111284e-08,1
4,WFG7,hv,EPS+,8.138666997502778e-06,1
4,WFG7,hv,IGD+,2.321244582972795e-25,1
4,WFG7,hv,R2,1.1629028626253765e-25,1
4,WFG7,igd,EPS+,9.051187245620758e-24,1
4,WFG7,igd,IGD+,7.189937224051143e-08,1
4,WFG7,igd,R2,1.1924212637932688e-14,1
4,WFG7,igd+,EPS+,1.3329517465697554e-05,1
4,WFG7,igd+,IGD+,2.471841134573323e-23,1
4,WFG7,igd+,R2,3.175168639808841e-25,1
4,WFG7,r2,EPS+,8.748967798604461e-23,1
4,WFG7,r2,IGD+,6.523736111185297e-08,1
4,WFG7,r2,R2,3.106031062271861e-11,1
4,WFG7,s-energy,EPS+,4.908981598292619e-24,1
4,WFG7,s-energy,IGD+,1.3231296727950924e-05,1
4,WFG7,s-energy,R2,3.94198891178662e-06,1
4,WFG7,spd,EPS+,1.3093400957864523e-21,1
4,WFG7,spd,IGD+,5.746642838705497e-05,1
4,WFG7,spd,R2,1.1507977272081403e-06,1
4,WFG8,eps+,EPS+,0.11138282094480909,0
4,WFG8,eps+,IGD+,1.4276276231699545e-10,1
4,WFG8,eps+,R2,3.22242629778897e-13,1
4,WFG8,hv,EPS+,0.06124705084666633,0
4,WFG8,hv,IGD+,2.686473336432984e-26,1
4,WFG8,hv,R2,6.059919327475586e-22,1
4,WFG8,igd,EPS+,2.027171542277505e-22,1
4,WFG8,igd,IGD+,2.879967471408266e-16,1
4,WFG8,igd,R2,9.72823039266511e-06,1
4,WFG8,igd+,EPS+,0.0003962686200222303,1
4,WFG8,igd+,IGD+,2.281236752295584e-27,1
4,WFG8,igd+,R2,5.533905910414224e-24,1
4,WFG8,r2,EPS+,1.9101837504803357e-20,1
4,WFG8,r2,IGD+,0.9075204439244647,0
4,WFG8,r2,R2,0.10882896198800525,0
4,WFG8,s-energy,EPS+,3.0785677891831394e-24,1
4,WFG8,s-energy,IGD+,7.804772847586513e-05,1
4,WFG8,s-energy,R2,0.00047989498998533825,1
4,WFG8,spd,EPS+,3.991969335634271e-22,1
4,WFG8,spd,IGD+,3.206353195299682e-05,1
4,WFG8,spd,R2,0.004376743431897546,1
4,WFG9,eps+,EPS+,0.012515779453733956,1
4,WFG9,eps+,IGD+,1.107877805900786e-06,1
4,WFG9,eps+,R2,0.0015005777248523744,1
4,WFG9,hv,EPS+,0.014783675477504896,1
4,WFG9,hv,IGD+,8.523327707854823e-19,1
4,WFG9,hv,R2,1.3119633153705899e-10,1
4,WFG9,igd,EPS+,6.269911407768531e-22,1
4,WFG9,igd,IGD+,1.2551517371636139e-10,1
4,WFG9,igd,R2,0.0001684187410193712,1
4,WFG9,igd+,EPS+,0.012171394627752317,1
4,WFG9,igd+,IGD+,5.821369957300962e-21,1
4,WFG9,igd+,R2,1.054152261561807e-12,1
4,WFG9,r2,EPS+,7.478739587854972e-21,1
4,WFG9,r2,IGD+,0.001383844106620117,1
4,WFG9,r2,R2,0.49208965175427755,0
4,WFG9,s-energy,EPS+,5.588914492701618e-22,1
4,WFG9,s-energy,IGD+,2.0317678110543575e-06,1
4,WFG9,s-energy,R2,1.0938503722570902e-19,1
4,WFG9,spd,EPS+,3.4080955931967833e-17,1
4,WFG9,spd,IGD+,7.403221756368598e-05,1
4,WFG9,spd,R2,1.9971830469352955e-18,1
5,DTLZ1,eps+,EPS+,0.002205910925494411,1
5,DTLZ1,eps+,IGD+,0.06468086835579777,0
5,DTLZ1,eps+,R2,0.38654109249987867,0
5,DTLZ1,hv,EPS+,7.3218193848741125e-31,1
5,DTLZ1,hv,IGD+,0.000759734030874738,1
5,DTLZ1,hv,R2,0.000911050317950988,1
5,DTLZ1,igd,EPS+,1.0875860698102178e-22,1
5,DTLZ1,igd,IGD+,0.0019763344159241247,1
5,DTLZ1,igd,R2,1.4855054731286597e-11,1
5,DTLZ1,igd+,EPS+,4.007598874046291e-11,1
5,DTLZ1,igd+,IGD+,0.0012760601166570038,1
5,DTLZ1,igd+,R2,6.756368354204869e-05,1
5,DTLZ1,r2,EPS+,1.4976291285865874e-22,1
5,DTLZ1,r2,IGD+,0.14693510397043336,0
5,DTLZ1,r2,R2,4.469765878993698e-11,1
5,DTLZ1,s-energy,EPS+,4.101281742829899e-24,1
5,DTLZ1,s-energy,IGD+,0.810735954322827,0
5,DTLZ1,s-energy,R2,0.07120676711852165,0
5,DTLZ1,spd,EPS+,1.34999423626852e-26,1
5,DTLZ1,spd,IGD+,0.025252916949445592,1
5,DTLZ1,spd,R2,8.07786877550128e-09,1
5,DTLZ2,eps+,EPS+,0.12781219955762932,0
5,DTLZ2,eps+,IGD+,3.39502850685688e-18,1
5,DTLZ2,eps+,R2,1.61545816510915e-28,1
5,DTLZ2,hv,EPS+,0.013479796653878032,1
5,DTLZ2,hv,IGD+,1.280594669410668e-27,1
5,DTLZ2,hv,R2,8.187262615016645e-33,1
5,DTLZ2,igd,EPS+,7.371102178056586e-24,1
5,DTLZ2,igd,IGD+,6.514852705725795e-22,1
5,DTLZ2,igd,R2,2.9647008097776767e-30,1
5,DTLZ2,igd+,EPS+,0.94185811992698,0
5,DTLZ2,igd+,IGD+,5.76816406920415e-28,1
5,DTLZ2,igd+,R2,7.360460933334525e-32,1
5,DTLZ2,r2,EPS+,1.0298280020562648e-16,1
5,DTLZ2,r2,IGD+,0.0011447132238056072,1
5,DTLZ2,r2,R2,1.3468581766658454e-24,1
5,DTLZ2,s-energy,EPS+,6.544148532503405e-30,1
5,DTLZ2,s-energy,IGD+,3.1295457091386017e-34,1
5,DTLZ2,s-energy,R2,1.307482464536533e-28,1
5,DTLZ2,spd,EPS+,3.589132686315862e-28,1
5,DTLZ2,spd,IGD+,1.921397136397639e-35,1
5,DTLZ2,spd,R2,1.4149687545513765e-32,1
5,DTLZ3,eps+,EPS+,0.04656241379624185,1
5,DTLZ3,eps+,IGD+,4.367281795868371e-08,1
5,DTLZ3,eps+,R2,1.2418473432157516e-08,1
5,DTLZ3,hv,EPS+,0.04052622059368531,1
5,DTLZ3,hv,IGD+,2.784510497798239e-07,1
5,DTLZ3,hv,R2,5.8958687805878616e-08,1
5,DTLZ3,igd,EPS+,2.572829225384356e-16,1
5,DTLZ3,igd,IGD+,0.13272614005922917,0
5,DTLZ3,igd,R2,0.42547235951274376,0
5,DTLZ3,igd+,EPS+,0.03120212137688837,1
5,DTLZ3,igd+,IGD+,2.3687055030386816e-07,1
5,DTLZ3,igd+,R2,1.2967461243193637e-08,1
5,DTLZ3,r2,EPS+,5.582906416767392e-15,1
5,DTLZ3,r2,IGD+,0.1589667590528908,0
5,DTLZ3,r2,R2,0.3373506360512562,0
5,DTLZ3,s-energy,EPS+,1.5278305254463602e-19,1
5,DTLZ3,s-energy,IGD+,7.899931886141932e-06,1
5,DTLZ3,s-energy,R2,3.2799147381525504e-05,1
5,DTLZ3,spd,EPS+,1.7344638640374105e-19,1
5,DTLZ3,spd,IGD+,1.1003984704062156e-09,1
5,DTLZ3,spd,R2,2.047181196134556e-06,1
5,DTLZ4,eps+,EPS+,0.01887333199191243,1
5,DTLZ4,eps+,IGD+,1.969224382245195e-07,1
5,DTLZ4,eps+,R2,1.4329810295226742e-09,1
5,DTLZ4,hv,EPS+,0.006463298354675933,1
5,DTLZ4,hv,IGD+,1.0504438658070505e-11,1
5,DTLZ4,hv,R2,4.118352359082304e-11,1
5,DTLZ4,igd,EPS+,5.222249930727318e-09,1
5,DTLZ4,igd,IGD+,1.7122662327574563e-09,1
5,DTLZ4,igd,R2,3.677097980571877e-09,1
5,DTLZ4,igd+,EPS+,0.19261404921974815,0
5,DTLZ4,igd+,IGD+,2.358138323881835e-11,1
5,DTLZ4,igd+,R2,3.755321875859431e-11,1
5,DTLZ4,r2,EPS+,8.083559215193168e-07,1
5,DTLZ4,r2,IGD+,0.6749754569088293,0
5,DTLZ4,r2,R2,1.0780288172029093e-05,1
5,DTLZ4,s-energy,EPS+,1.831502337637653e-10,1
5,DTLZ4,s-energy,IGD+,2.5838584213920747e-13,1
5,DTLZ4,s-energy,R2,2.495952375435219e-10,1
5,DTLZ4,spd,EPS+,2.5966991066375077e-10,1
5,DTLZ4,spd,IGD+,2.0032918083623515e-14,1
5,DTLZ4,spd,R2,3.217323901792189e-13,1
5,DTLZ5,eps+,EPS+,0.9230054797416164,0
5,DTLZ5,eps+,IGD+,0.04857958274023187,1
5,DTLZ5,eps+,R2,5.169185639343395e-05,1
5,DTLZ5,hv,EPS+,0.0007545533150575183,1
5,DTLZ5,hv,IGD+,0.44850499385298925,0
5,DTLZ5,hv,R2,0.8448334644665692,0
5,DTLZ5,igd,EPS+,3.2566092524671077e-09,1
5,DTLZ5,igd,IGD+,0.635052888757072,0
5,DTLZ5,igd,R2,0.7773671597597643,0
5,DTLZ5,igd+,EPS+,6.483510708396697e-12,1
5,DTLZ5,igd+,IGD+,0.007771104062789301,1
5,DTLZ5,igd+,R2,0.9830840932312683,0
5,DTLZ5,r2,EPS+,6.108157438781077e-06,1
5,DTLZ5,r2,IGD+,0.047628532658498854,1
5,DTLZ5,r2,R2,0.006197111010122924,1
5,DTLZ5,s-energy,EPS+,7.342412405070386e-07,1
5,DTLZ5,s-energy,IGD+,0.10146861238881709,0
5,DTLZ5,s-energy,R2,0.026934989576032214,1
5,DTLZ5,spd,EPS+,3.880036525459505e-11,1
5,DTLZ5,spd,IGD+,0.14162138041667013,0
5,DTLZ5,spd,R2,0.34146170287860045,0
5,DTLZ6,eps+,EPS+,0.2096384635266915,0
5,DTLZ6,eps+,IGD+,7.207186542962244e-15,1
5,DTLZ6,eps+,R2,1.0222541555742541e-19,1
5,DTLZ6,hv,EPS+,1.115940686080171e-05,1
5,DTLZ6,hv,IGD+,1.454904992446435e-15,1
5,DTLZ6,hv,R2,1.7911477916102874e-17,1
5,DTLZ6,igd,EPS+,3.830921920107365e-09,1
5,DTLZ6,igd,IGD+,1.6608117755227612e-14,1
5,DTLZ6,igd,R2,9.365650477615954e-21,1
5,DTLZ6,igd+,EPS+,0.0012630463487257795,1
5,DTLZ6,igd+,IGD+,5.209424970015835e-16,1
5,DTLZ6,igd+,R2,7.731414032942977e-20,1
5,DTLZ6,r2,EPS+,0.006460409855388793,1
5,DTLZ6,r2,IGD+,1.9712545510610394e-06,1
5,DTLZ6,r2,R2,2.4568999417794937e-13,1
5,DTLZ6,s-energy,EPS+,0.17216389327626838,0
5,DTLZ6,s-energy,IGD+,2.6772132540665587e-12,1
5,DTLZ6,s-energy,R2,6.925663448693106e-20,1
5,DTLZ6,spd,EPS+,0.052706486778429255,0
5,DTLZ6,spd,IGD+,5.155371310218212e-14,1
5,DTLZ6,spd,R2,5.658965735593406e-19,1
5,DTLZ7,eps+,EPS+,0.00031347427660020514,1
5,DTLZ7,eps+,IGD+,0.0017752431072354834,1
5,DTLZ7,eps+,R2,7.826058829643123e-24,1
5,DTLZ7,hv,EPS+,0.0003069453102607044,1
5,DTLZ7,hv,IGD+,8.472631480242761e-34,1
5,DTLZ7,hv,R2,2.8927303684683685e-28,1
5,DTLZ7,igd,EPS+,8.594316584575955e-20,1
5,DTLZ7,igd,IGD+,6.666438776191625e-29,1
5,DTLZ7,igd,R2,6.572823120560351e-07,1
5,DTLZ7,igd+,EPS+,0.013944729669892542,1
5,DTLZ7,igd+,IGD+,2.9982624444945334e-32,1
5,DTLZ7,igd+,R2,8.088817309262884e-31,1
5,DTLZ7,r2,EPS+,0.03156923926621591,1
5,DTLZ7,r2,IGD+,6.323784621194924e-08,1
5,DTLZ7,r2,R2,6.316854629547433e-06,1
5,DTLZ7,s-energy,EPS+,1.2157950567009437e-23,1
5,DTLZ7,s-energy,IGD+,4.9378873672456315e-23,1
5,DTLZ7,s-energy,R2,6.881066708032472e-07,1
5,DTLZ7,spd,EPS+,1.8378121253427452e-22,1
5,DTLZ7,spd,IGD+,2.3661300058564296e-17,1
5,DTLZ7,spd,R2,1.970615404596276e-05,1
5,WFG1,eps+,EPS+,5.3310128427256844e-17,1
5,WFG1,eps+,IGD+,0.6181818754213906,0
5,WFG1,eps+,R2,0.8595072755242735,0
5,WFG1,hv,EPS+,0.10220093714464315,0
5,WFG1,hv,IGD+,0.9332707871754453,0
5,WFG1,hv,R2,0.3589362919070474,0
5,WFG1,igd,EPS+,1.0916690657890305e-14,1
5,WFG1,igd,IGD+,0.42312541441860535,0
5,WFG1,igd,R2,0.203100303695133,0
5,WFG1,igd+,EPS+,1.713948353933689e-13,1
5,WFG1,igd+,IGD+,0.3821005259400712,0
5,WFG1,igd+,R2,0.39400883392229363,0
5,WFG1,r2,EPS+,1.1602782311608747e-26,1
5,WFG1,r2,IGD+,0.9517454029716811,0
5,WFG1,r2,R2,0.3018197378623207,0
5,WFG1,s-energy,EPS+,3.2270440538642517e-23,1
5,WFG1,s-energy,IGD+,0.6625392825689126,0
5,WFG1,s-energy,R2,0.8376324783126874,0
5,WFG1,spd,EPS+,5.461666984980126e-24,1
5,WFG1,spd,IGD+,0.7773671597597643,0
5,WFG1,spd,R2,0.5511838085443205,0
5,WFG2,eps+,EPS+,0.011909766251673328,1
5,WFG2,eps+,IGD+,0.26721849371793144,0
5,WFG2,eps+,R2,0.09016121251525736,0
5,WFG2,hv,EPS+,0.0012977280702768722,1
5,WFG2,hv,IGD+,0.6031023690090682,0
5,WFG2,hv,R2,0.5030424650508751,0
5,WFG2,igd,EPS+,0.00028916070451914604,1
5,WFG2,igd,IGD+,0.3366686007235888,0
5,WFG2,igd,R2,0.009362617406801145,1
5,WFG2,igd+,EPS+,9.057705792270419e-11,1
5,WFG2,igd+,IGD+,0.015960275570753503,1
5,WFG2,igd+,R2,9.147992994196713e-08,1
5,WFG2,r2,EPS+,1.539524462888e-05,1
5,WFG2,r2,IGD+,0.05875749429280115,0
5,WFG2,r2,R2,0.0015519874458810954,1
5,WFG2,s-energy,EPS+,7.194613997393372e-20,1
5,WFG2,s-energy,IGD+,0.9275036911422015,0
5,WFG2,s-energy,R2,0.552055515451449,0
5,WFG2,spd,EPS+,2.0134302638684434e-23,1
5,WFG2,spd,IGD+,0.9456072942925183,0
5,WFG2,spd,R2,0.7886607291693893,0
5,WFG3,eps+,EPS+,5.513822668937232e-15,1
5,WFG3,eps+,IGD+,0.43572093321139566,0
5,WFG3,eps+,R2,0.7064384496412872,0
5,WFG3,hv,EPS+,0.0021336263305712314,1
5,WFG3,hv,IGD+,0.4746052029735224,0
5,WFG3,hv,R2,0.05859481395437498,0
5,WFG3,igd,EPS+,6.390592096156408e-16,1
5,WFG3,igd,IGD+,0.0281544954848666,1
5,WFG3,igd,R2,0.4721296214891748,0
5,WFG3,igd+,EPS+,4.4043101833515124e-26,1
5,WFG3,igd+,IGD+,0.00027142931165052364,1
5,WFG3,igd+,R2,6.750928452584474e-07,1
5,WFG3,r2,EPS+,2.777909270956339e-24,1
5,WFG3,r2,IGD+,0.22114149888285925,0
5,WFG3,r2,R2,0.369684694887157,0
5,WFG3,s-energy,EPS+,9.998419585461786e-30,1
5,WFG3,s-energy,IGD+,0.9893369662281105,0
5,WFG3,s-energy,R2,0.9846427475670173,0
5,WFG3,spd,EPS+,4.709855143397331e-28,1
5,WFG3,spd,IGD+,0.9619651567411774,0
5,WFG3,spd,R2,0.9379280713560832,0
5,WFG4,eps+,EPS+,0.05908407767449186,0
5,WFG4,eps+,IGD+,0.09731409272430246,0
5,WFG4,eps+,R2,0.0043593982630416315,1
5,WFG4,hv,EPS+,0.008149319885206025,1
5,WFG4,hv,IGD+,8.04292079224775e-15,1
5,WFG4,hv,R2,1.6417804943236305e-13,1
5,WFG4,igd,EPS+,1.7344638640374105e-19,1
5,WFG4,igd,IGD+,0.5372878716302976,0
5,WFG4,igd,R2,1.1353941178271231e-23,1
5,WFG4,igd+,EPS+,0.0014854796356855368,1
5,WFG4,igd+,IGD+,1.192234446254092e-16,1
5,WFG4,igd+,R2,3.794511078348549e-15,1
5,WFG4,r2,EPS+,1.3688999575529466e-07,1
5,WFG4,r2,IGD+,0.6359407898033205,0
5,WFG4,r2,R2,1.314141153862112e-27,1
5,WFG4,s-energy,EPS+,1.652073000098102e-16,1
5,WFG4,s-energy,IGD+,5.3020548517568345e-05,1
5,WFG4,s-energy,R2,7.359624470363978e-08,1
5,WFG4,spd,EPS+,1.1779058668493603e-10,1
5,WFG4,spd,IGD+,0.10448684020518803,0
5,WFG4,spd,R2,0.10601851237618239,0
5,WFG5,eps+,EPS+,0.18623861247299103,0
5,WFG5,eps+,IGD+,0.08664562558503931,0
5,WFG5,eps+,R2,0.00015742061043217347,1
5,WFG5,hv,EPS+,2.860500767644903e-15,1
5,WFG5,hv,IGD+,1.5846872605248022e-15,1
5,WFG5,hv,R2,3.6023415668281937e-06,1
5,WFG5,igd,EPS+,6.179441567167014e-17,1
5,WFG5,igd,IGD+,0.37769033689474063,0
5,WFG5,igd,R2,0.0009622265097156481,1
5,WFG5,igd+,EPS+,0.39551231051660657,0
5,WFG5,igd+,IGD+,3.9767398621640876e-20,1
5,WFG5,igd+,R2,7.696722357548493e-06,1
5,WFG5,r2,EPS+,4.630714370222726e-14,1
5,WFG5,r2,IGD+,0.05620290940255511,0
5,WFG5,r2,R2,5.153378026995631e-10,1
5,WFG5,s-energy,EPS+,4.085675048484852e-18,1
5,WFG5,s-energy,IGD+,0.02701473663913441,1
5,WFG5,s-energy,R2,1.8327375260396265e-23,1
5,WFG5,spd,EPS+,2.5296510815174355e-13,1
5,WFG5,spd,IGD+,0.43094272616018103,0
5,WFG5,spd,R2,2.1559394527821843e-25,1
5,WFG6,eps+,EPS+,0.6527984977103444,0
5,WFG6,eps+,IGD+,0.06614942707348707,0
5,WFG6,eps+,R2,0.3049976750105831,0
5,WFG6,hv,EPS+,0.0015836489368211088,1
5,WFG6,hv,IGD+,7.610409518214231e-05,1
5,WFG6,hv,R2,0.2068999451649074,0
5,WFG6,igd,EPS+,3.4816205629801784e-21,1
5,WFG6,igd,IGD+,0.002397136888225605,1
5,WFG6,igd,R2,3.888172945049229e-26,1
5,WFG6,igd+,EPS+,4.47047617745349e-05,1
5,WFG6,igd+,IGD+,4.46588187650953e-07,1
5,WFG6,igd+,R2,0.0041653243834721895,1
5,WFG6,r2,EPS+,1.1793226477797086e-18,1
5,WFG6,r2,IGD+,0.00029531935098987507,1
5,WFG6,r2,R2,5.893886105873039e-28,1
5,WFG6,s-energy,EPS+,1.315937418877194e-18,1
5,WFG6,s-energy,IGD+,0.00046836357850436276,1
5,WFG6,s-energy,R2,6.780609396746085e-20,1
5,WFG6,spd,EPS+,1.6447256806483488e-15,1
5,WFG6,spd,IGD+,0.1518204814676313,0
5,WFG6,spd,R2,1.0012295644542761e-10,1
5,WFG7,eps+,EPS+,0.05405047823831845,0
5,WFG7,eps+,IGD+,2.1682557725066905e-05,1
5,WFG7,eps+,R2,1.9458066223172032e-07,1
5,WFG7,hv,EPS+,3.864938995952898e-05,1
5,WFG7,hv,IGD+,4.574987622797023e-22,1
5,WFG7,hv,R2,1.1286926378116265e-13,1
5,WFG7,igd,EPS+,1.5840732592799681e-18,1
5,WFG7,igd,IGD+,0.35822670858476363,0
5,WFG7,igd,R2,6.701480868477138e-19,1
5,WFG7,igd+,EPS+,0.31271834985668767,0
5,WFG7,igd+,IGD+,3.573372804636812e-22,1
5,WFG7,igd+,R2,2.422267081360333e-15,1
5,WFG7,r2,EPS+,1.8417569687386397e-16,1
5,WFG7,r2,IGD+,0.13272614005922917,0
5,WFG7,r2,R2,4.172544655488018e-18,1
5,WFG7,s-energy,EPS+,3.5112931334425855e-18,1
5,WFG7,s-energy,IGD+,0.0006947790761752472,1
5,WFG7,s-energy,R2,3.606351532501685e-05,1
5,WFG7,spd,EPS+,2.233917058365131e-12,1
5,WFG7,spd,IGD+,0.27609892836814337,0
5,WFG7,spd,R2,0.13687002622669373,0
5,WFG8,eps+,EPS+,0.07869649895360137,0
5,WFG8,eps+,IGD+,1.579810097977553e-05,1
5,WFG8,eps+,R2,0.07848521912706913,0
5,WFG8,hv,EPS+,0.22114149888285925,0
5,WFG8,hv,IGD+,2.9176100501376433e-18,1
5,WFG8,hv,R2,0.003092154346445196,1
5,WFG8,igd,EPS+,7.197895750736169e-11,1
5,WFG8,igd,IGD+,0.0025530878028625823,1
5,WFG8,igd,R2,0.05405047823831845,0
5,WFG8,igd+,EPS+,0.0056644552524979285,1
5,WFG8,igd+,IGD+,0.0028101704295274725,1
5,WFG8,igd+,R2,0.20215902661636379,0
5,WFG8,r2,EPS+,3.136736041600405e-20,1
5,WFG8,r2,IGD+,0.5115302181421092,0
5,WFG8,r2,R2,0.0002299983077923048,1
5,WFG8,s-energy,EPS+,3.104620482607757e-22,1
5,WFG8,s-energy,IGD+,8.009636233833775e-15,1
5,WFG8,s-energy,R2,0.9086361957104542,0
5,WFG8,spd,EPS+,1.017789083917813e-19,1
5,WFG8,spd,IGD+,1.0053986599985097e-08,1
5,WFG8,spd,R2,0.9432800095866413,0
5,WFG9,eps+,EPS+,0.026697060314602228,1
5,WFG9,eps+,IGD+,3.3040643132741836e-06,1
5,WFG9,eps+,R2,0.0017166745894383116,1
5,WFG9,hv,EPS+,0.0011140128588851819,1
5,WFG9,hv,IGD+,1.8495258771950033e-14,1
5,WFG9,hv,R2,1.8649199056885975e-07,1
5,WFG9,igd,EPS+,8.741792891960978e-19,1
5,WFG9,igd,IGD+,0.020041316014211413,1
5,WFG9,igd,R2,2.82106489771596e-06,1
5,WFG9,igd+,EPS+,0.001416948877472109,1
5,WFG9,igd+,IGD+,6.14977968097778e-11,1
5,WFG9,igd+,R2,0.0003433714992609249,1
5,WFG9,r2,EPS+,3.3778151341490047e-15,1
5,WFG9,r2,IGD+,0.2980365567351671,0
5,WFG9,r2,R2,0.3133676959549007,0
5,WFG9,s-energy,EPS+,4.494328492919393e-17,1
5,WFG9,s-energy,IGD+,0.005449859291831022,1
5,WFG9,s-energy,R2,4.1350894520695713e-08,1
5,WFG9,spd,EPS+,1.8146469886635724e-09,1
5,WFG9,spd,IGD+,0.01067951288748168,1
5,WFG9,spd,R2,4.774028682217057e-07,1
6,DTLZ1,eps+,EPS+,6.631399314826515e-09,1
6,DTLZ1,eps+,IGD+,0.3509873544912988,0
6,DTLZ1,eps+,R2,0.06104589476629973,0
6,DTLZ1,hv,EPS+,1.3939042292639957e-28,1
6,DTLZ1,hv,IGD+,5.515950404747773e-06,1
6,DTLZ1,hv,R2,3.265417574643031e-13,1
6,DTLZ1,igd,EPS+,3.998870477135804e-10,1
6,DTLZ1,igd,IGD+,3.557199293927902e-08,1
6,DTLZ1,igd,R2,5.184654843808757e-18,1
6,DTLZ1,igd+,EPS+,4.574134247560035e-06,1
6,DTLZ1,igd+,IGD+,2.186170930260108e-06,1
6,DTLZ1,igd+,R2,3.077396292587053e-14,1
6,DTLZ1,r2,EPS+,5.333735784001134e-15,1
6,DTLZ1,r2,IGD+,0.7499370714273331,0
6,DTLZ1,r2,R2,0.1642198586006653,0
6,DTLZ1,s-energy,EPS+,1.2897611055718085e-16,1
6,DTLZ1,s-energy,IGD+,0.021130439415644325,1
6,DTLZ1,s-energy,R2,6.146746683990664e-05,1
6,DTLZ1,spd,EPS+,2.8840661773629096e-16,1
6,DTLZ1,spd,IGD+,7.314732966705523e-08,1
6,DTLZ1,spd,R2,6.238835528394316e-18,1
6,DTLZ2,eps+,EPS+,0.6492522265244006,0
6,DTLZ2,eps+,IGD+,6.948114885432981e-23,1
6,DTLZ2,eps+,R2,1.8060893679453246e-31,1
6,DTLZ2,hv,EPS+,3.912428822188755e-12,1
6,DTLZ2,hv,IGD+,8.725757357524597e-28,1
6,DTLZ2,hv,R2,5.719831507979773e-31,1
6,DTLZ2,igd,EPS+,2.2328704370815904e-24,1
6,DTLZ2,igd,IGD+,3.6141838394144095e-26,1
6,DTLZ2,igd,R2,9.65842842945428e-30,1
6,DTLZ2,igd+,EPS+,4.443219457780552e-15,1
6,DTLZ2,igd+,IGD+,1.9281797778420587e-28,1
6,DTLZ2,igd+,R2,3.3567982015936416e-31,1
6,DTLZ2,r2,EPS+,8.359011061168305e-07,1
6,DTLZ2,r2,IGD+,3.3175500768921363e-10,1
6,DTLZ2,r2,R2,3.071153977080599e-05,1
6,DTLZ2,s-energy,EPS+,1.215301178020206e-30,1
6,DTLZ2,s-energy,IGD+,7.881854085248621e-30,1
6,DTLZ2,s-energy,R2,7.833098724002356e-26,1
6,DTLZ2,spd,EPS+,9.930442949827393e-28,1
6,DTLZ2,spd,IGD+,1.7687692284774125e-35,1
6,DTLZ2,spd,R2,2.908415886197175e-29,1
6,DTLZ3,eps+,EPS+,0.7918530328175131,0
6,DTLZ3,eps+,IGD+,0.1866791453704303,0
6,DTLZ3,eps+,R2,0.4008002748934443,0
6,DTLZ3,hv,EPS+,0.3205462243789973,0
6,DTLZ3,hv,IGD+,0.4517320947913124,0
6,DTLZ3,hv,R2,0.549031754455779,0
6,DTLZ3,igd,EPS+,0.06074167010987184,0
6,DTLZ3,igd,IGD+,0.3525816903184084,0
6,DTLZ3,igd,R2,0.9091914478958576,0
6,DTLZ3,igd+,EPS+,0.1742392403778971,0
6,DTLZ3,igd+,IGD+,0.7185616810159122,0
6,DTLZ3,igd+,R2,0.6519121090860713,0
6,DTLZ3,r2,EPS+,0.6439296699965871,0
6,DTLZ3,r2,IGD+,0.3725838375246321,0
6,DTLZ3,r2,R2,0.8075684734975349,0
6,DTLZ3,s-energy,EPS+,0.0001860124507281749,1
6,DTLZ3,s-energy,IGD+,0.5854450924342823,0
6,DTLZ3,s-energy,R2,0.841249664723539,0
6,DTLZ3,spd,EPS+,1.0995172896323071e-05,1
6,DTLZ3,spd,IGD+,0.3238814491959969,0
6,DTLZ3,spd,R2,0.691603080815772,0
6,DTLZ4,eps+,EPS+,0.7272890435757197,0
6,DTLZ4,eps+,IGD+,0.0001388582036204099,1
6,DTLZ4,eps+,R2,0.013954200738316144,1
6,DTLZ4,hv,EPS+,0.1793248990887714,0
6,DTLZ4,hv,IGD+,0.00017004512014754354,1
6,DTLZ4,hv,R2,0.08582371919587665,0
6,DTLZ4,igd,EPS+,0.0017854988170284837,1
6,DTLZ4,igd,IGD+,0.00046673848278283944,1
6,DTLZ4,igd,R2,0.4942232025770781,0
6,DTLZ4,igd+,EPS+,0.1912257627159247,0
6,DTLZ4,igd+,IGD+,0.00011225908336540477,1
6,DTLZ4,igd+,R2,0.020729536736387753,1
6,DTLZ4,r2,EPS+,0.028817831337746562,1
6,DTLZ4,r2,IGD+,0.15848936589947643,0
6,DTLZ4,r2,R2,0.21605629406215018,0
6,DTLZ4,s-energy,EPS+,0.002149120335567119,1
6,DTLZ4,s-energy,IGD+,0.01974132160614771,1
6,DTLZ4,s-energy,R2,0.5819962906514758,0
6,DTLZ4,spd,EPS+,5.09582327545186e-05,1
6,DTLZ4,spd,IGD+,0.001167938756701808,1
6,DTLZ4,spd,R2,0.6309489985544102,0
6,DTLZ5,eps+,EPS+,0.002228054373601996,1
6,DTLZ5,eps+,IGD+,0.2097860905422322,0
6,DTLZ5,eps+,R2,5.640881381708907e-07,1
6,DTLZ5,hv,EPS+,4.818640051706054e-13,1
6,DTLZ5,hv,IGD+,0.0004219343565774755,1
6,DTLZ5,hv,R2,0.13339324406323538,0
6,DTLZ5,igd,EPS+,8.416382293810517e-24,1
6,DTLZ5,igd,IGD+,0.1701086969682682,0
6,DTLZ5,igd,R2,0.03346551894933071,1
6,DTLZ5,igd+,EPS+,6.711476805290778e-18,1
6,DTLZ5,igd+,IGD+,0.020041316014211413,1
6,DTLZ5,igd+,R2,0.12652817418033538,0
6,DTLZ5,r2,EPS+,0.00031790220116869965,1
6,DTLZ5,r2,IGD+,0.20215902661636379,0
6,DTLZ5,r2,R2,0.16766890500775444,0
6,DTLZ5,s-energy,EPS+,3.381509050829296e-11,1
6,DTLZ5,s-energy,IGD+,0.10605076970916383,0
6,DTLZ5,s-energy,R2,0.005906064951201332,1
6,DTLZ5,spd,EPS+,7.779895155705107e-17,1
6,DTLZ5,spd,IGD+,0.1052293651829919,0
6,DTLZ5,spd,R2,0.004727773509351874,1
6,DTLZ6,eps+,EPS+,1.9673346832782314e-08,1
6,DTLZ6,eps+,IGD+,1.7579088991628083e-28,1
6,DTLZ6,eps+,R2,1.687575316623956e-22,1
6,DTLZ6,hv,EPS+,3.6670988067787953e-10,1
6,DTLZ6,hv,IGD+,0.12448977487658154,0
6,DTLZ6,hv,R2,,0
6,DTLZ6,igd,EPS+,0.0002592897877286378,1
6,DTLZ6,igd,IGD+,9.848109283489919e-30,1
6,DTLZ6,igd,R2,2.7425087154405904e-30,1
6,DTLZ6,igd+,EPS+,3.9888867845173954e-10,1
6,DTLZ6,igd+,IGD+,7.138318909094565e-30,1
6,DTLZ6,igd+,R2,2.1061043647050394e-30,1
6,DTLZ6,r2,EPS+,5.626262374545622e-06,1
6,DTLZ6,r2,IGD+,1.280792807432576e-25,1
6,DTLZ6,r2,R2,1.4154130711148946e-26,1
6,DTLZ6,s-energy,EPS+,0.00017137228150582848,1
6,DTLZ6,s-energy,IGD+,7.783089239617432e-24,1
6,DTLZ6,s-energy,R2,4.061923420894598e-31,1
6,DTLZ6,spd,EPS+,6.326436800805998e-07,1
6,DTLZ6,spd,IGD+,0.032989808189709674,1
6,DTLZ6,spd,R2,0.6022626768397463,0
6,DTLZ7,eps+,EPS+,0.08595715918320453,0
6,DTLZ7,eps+,IGD+,4.2560133317252073e-17,1
6,DTLZ7,eps+,R2,3.6158974294965975e-06,1
6,DTLZ7,hv,EPS+,4.7958371062439623e-08,1
6,DTLZ7,hv,IGD+,1.6033644406209767e-30,1
6,DTLZ7,hv,R2,2.3144311699131896e-18,1
6,DTLZ7,igd,EPS+,0.11844661403720061,0
6,DTLZ7,igd,IGD+,1.2138266423782126e-17,1
6,DTLZ7,igd,R2,7.332939411240428e-06,1
6,DTLZ7,igd+,EPS+,0.08550086202741122,0
6,DTLZ7,igd+,IGD+,7.492193323231148e-17,1
6,DTLZ7,igd+,R2,3.1613367945264077e-07,1
6,DTLZ7,r2,EPS+,0.07639992593027635,0
6,DTLZ7,r2,IGD+,1.591063194816118e-16,1
6,DTLZ7,r2,R2,1.2322440082502396e-06,1
6,DTLZ7,s-energy,EPS+,1.7336758655829127e-23,1
6,DTLZ7,s-energy,IGD+,5.921542356611543e-31,1
6,DTLZ7,s-energy,R2,7.838909536577078e-16,1
6,DTLZ7,spd,EPS+,2.8209752730824e-18,1
6,DTLZ7,spd,IGD+,3.7206870099280193e-29,1
6,DTLZ7,spd,R2,3.838578359316834e-19,1
6,WFG1,eps+,EPS+,2.9310917762313614e-20,1
6,WFG1,eps+,IGD+,0.7591341592442303,0
6,WFG1,eps+,R2,0.908212604263945,0
6,WFG1,hv,EPS+,0.002162260882329742,1
6,WFG1,hv,IGD+,0.17282565588614063,0
6,WFG1,hv,R2,0.7398124251593308,0
6,WFG1,igd,EPS+,3.5096036087982254e-17,1
6,WFG1,igd,IGD+,0.1037145852699029,0
6,WFG1,igd,R2,0.4878812224053217,0
6,WFG1,igd+,EPS+,2.2228328312051955e-16,1
6,WFG1,igd+,IGD+,0.506917589927348,0
6,WFG1,igd+,R2,0.9084934105432894,0
6,WFG1,r2,EPS+,3.3533117162702605e-19,1
6,WFG1,r2,IGD+,0.15251988745023104,0
6,WFG1,r2,R2,0.4364817483742533,0
6,WFG1,s-energy,EPS+,6.445968980635855e-21,1
6,WFG1,s-energy,IGD+,0.9212414885614213,0
6,WFG1,s-energy,R2,0.7721901892543965,0
6,WFG1,spd,EPS+,4.3814177344228166e-23,1
6,WFG1,spd,IGD+,0.7236819972664148,0
6,WFG1,spd,R2,0.5755449571180542,0
6,WFG2,eps+,EPS+,4.309864405340581e-17,1
6,WFG2,eps+,IGD+,0.36751938842612086,0
6,WFG2,eps+,R2,0.4525374034951333,0
6,WFG2,hv,EPS+,0.023336376085712214,1
6,WFG2,hv,IGD+,0.3857988993422821,0
6,WFG2,hv,R2,0.00021355287763914375,1
6,WFG2,igd,EPS+,4.480229738152411e-14,1
6,WFG2,igd,IGD+,0.05124876850412542,0
6,WFG2,igd,R2,1.3244119642873949e-06,1
6,WFG2,igd+,EPS+,1.1066326282497496e-23,1
6,WFG2,igd+,IGD+,0.1717512454652361,0
6,WFG2,igd+,R2,4.217330724166015e-06,1
6,WFG2,r2,EPS+,1.1590168803641765e-17,1
6,WFG2,r2,IGD+,0.6722580986170004,0
6,WFG2,r2,R2,0.3069154604952115,0
6,WFG2,s-energy,EPS+,9.756211756267921e-18,1
6,WFG2,s-energy,IGD+,0.9789717253848242,0
6,WFG2,s-energy,R2,0.3075565582076304,0
6,WFG2,spd,EPS+,2.1197267583034029e-19,1
6,WFG2,spd,IGD+,0.9708870931282809,0
6,WFG2,spd,R2,0.36822471562537507,0
6,WFG3,eps+,EPS+,2.3880153732634816e-12,1
6,WFG3,eps+,IGD+,0.9230054797416164,0
6,WFG3,eps+,R2,0.1605207389038446,0
6,WFG3,hv,EPS+,0.06835605235096448,0
6,WFG3,hv,IGD+,0.8553785061754922,0
6,WFG3,hv,R2,0.0011408311755111017,1
6,WFG3,igd,EPS+,8.559072617710899e-15,1
6,WFG3,igd,IGD+,0.9456916424118982,0
6,WFG3,igd,R2,0.2382540110803802,0
6,WFG3,igd+,EPS+,3.7435714865428356e-27,1
6,WFG3,igd+,IGD+,0.31793872200602924,0
6,WFG3,igd+,R2,0.00012802609483765276,1
6,WFG3,r2,EPS+,1.0158200889629145e-22,1
6,WFG3,r2,IGD+,0.5047357821597399,0
6,WFG3,r2,R2,0.013438264655075237,1
6,WFG3,s-energy,EPS+,3.0707863858044026e-27,1
6,WFG3,s-energy,IGD+,0.8476760569788457,0
6,WFG3,s-energy,R2,0.13848722715665424,0
6,WFG3,spd,EPS+,1.0312635429743207e-25,1
6,WFG3,spd,IGD+,0.7642202777015291,0
6,WFG3,spd,R2,0.040377696593022094,1
6,WFG4,eps+,EPS+,9.077676283083237e-05,1
6,WFG4,eps+,IGD+,0.15819442953342766,0
6,WFG4,eps+,R2,3.6382079646355513e-20,1
6,WFG4,hv,EPS+,8.384526113376419e-06,1
6,WFG4,hv,IGD+,3.88760123379195e-23,1
6,WFG4,hv,R2,1.9874564253453397e-27,1
6,WFG4,igd,EPS+,3.577066944420849e-20,1
6,WFG4,igd,IGD+,3.8790434295433444e-05,1
6,WFG4,igd,R2,0.27603388036721965,0
6,WFG4,igd+,EPS+,0.0001751268760075465,1
6,WFG4,igd+,IGD+,1.1193052447173601e-20,1
6,WFG4,igd+,R2,1.1387763092709945e-28,1
6,WFG4,r2,EPS+,4.12672154845759e-05,1
6,WFG4,r2,IGD+,0.0029919668277213797,1
6,WFG4,r2,R2,0.014161035590985428,1
6,WFG4,s-energy,EPS+,1.4152684097138188e-16,1
6,WFG4,s-energy,IGD+,0.0001355487287788209,1
6,WFG4,s-energy,R2,0.01533784472922164,1
6,WFG4,spd,EPS+,6.342047760488943e-13,1
6,WFG4,spd,IGD+,0.0009866545823416486,1
6,WFG4,spd,R2,3.332553455802612e-05,1
6,WFG5,eps+,EPS+,7.13220294698166e-05,1
6,WFG5,eps+,IGD+,0.20737879677201412,0
6,WFG5,eps+,R2,1.8048519237035664e-11,1
6,WFG5,hv,EPS+,6.150522399405073e-05,1
6,WFG5,hv,IGD+,2.618012643083487e-22,1
6,WFG5,hv,R2,4.814914823480387e-22,1
6,WFG5,igd,EPS+,8.446743324226186e-22,1
6,WFG5,igd,IGD+,1.7462007206665888e-09,1
6,WFG5,igd,R2,3.453201259514275e-10,1
6,WFG5,igd+,EPS+,0.003503194609812868,1
6,WFG5,igd+,IGD+,5.394749225493857e-20,1
6,WFG5,igd+,R2,9.835644495010098e-26,1
6,WFG5,r2,EPS+,5.662499667221579e-07,1
6,WFG5,r2,IGD+,0.04830610463124396,1
6,WFG5,r2,R2,0.3400877599561342,0
6,WFG5,s-energy,EPS+,5.536755290671031e-15,1
6,WFG5,s-energy,IGD+,0.014117522424013143,1
6,WFG5,s-energy,R2,1.5639139414580338e-25,1
6,WFG5,spd,EPS+,4.163264316217306e-11,1
6,WFG5,spd,IGD+,0.08507477978571662,0
6,WFG5,spd,R2,2.994388871219612e-25,1
6,WFG6,eps+,EPS+,0.27130657415190995,0
6,WFG6,eps+,IGD+,1.3528122798250186e-05,1
6,WFG6,eps+,R2,1.774194178999046e-09,1
6,WFG6,hv,EPS+,0.016861480290770767,1
6,WFG6,hv,IGD+,0.001062202298770962,1
6,WFG6,hv,R2,0.007820547454439202,1
6,WFG6,igd,EPS+,1.1672417266547893e-21,1
6,WFG6,igd,IGD+,1.3536502935838132e-09,1
6,WFG6,igd,R2,1.9889142394303765e-25,1
6,WFG6,igd+,EPS+,5.286690036824224e-08,1
6,WFG6,igd+,IGD+,1.2511044185047841e-06,1
6,WFG6,igd+,R2,6.301395236925191e-12,1
6,WFG6,r2,EPS+,1.8919795711074996e-12,1
6,WFG6,r2,IGD+,4.096793493370373e-05,1
6,WFG6,r2,R2,2.2969973297751824e-09,1
6,WFG6,s-energy,EPS+,1.9939795281305057e-16,1
6,WFG6,s-energy,IGD+,7.715770348247239e-07,1
6,WFG6,s-energy,R2,6.430692844054777e-09,1
6,WFG6,spd,EPS+,2.9662186501752685e-12,1
6,WFG6,spd,IGD+,0.05557971246548827,0
6,WFG6,spd,R2,0.17401620638756204,0
6,WFG7,eps+,EPS+,0.0430002469470192,1
6,WFG7,eps+,IGD+,4.2001494880104864e-08,1
6,WFG7,eps+,R2,5.008357685010816e-19,1
6,WFG7,hv,EPS+,4.2024867243619674e-05,1
6,WFG7,hv,IGD+,4.371292906754346e-27,1
6,WFG7,hv,R2,1.4352274721386463e-25,1
6,WFG7,igd,EPS+,7.379683997642023e-20,1
6,WFG7,igd,IGD+,2.3505209374920842e-07,1
6,WFG7,igd,R2,0.0001585442981465273,1
6,WFG7,igd+,EPS+,0.00013506611533426748,1
6,WFG7,igd+,IGD+,3.862715149544301e-24,1
6,WFG7,igd+,R2,2.4361534943335143e-29,1
6,WFG7,r2,EPS+,0.009845017673121313,1
6,WFG7,r2,IGD+,0.0046067566617610835,1
6,WFG7,r2,R2,0.0041248315968085295,1
6,WFG7,s-energy,EPS+,4.193386538515456e-16,1
6,WFG7,s-energy,IGD+,0.4452917382733603,0
6,WFG7,s-energy,R2,0.006944772504747632,1
6,WFG7,spd,EPS+,7.709583993963706e-11,1
6,WFG7,spd,IGD+,0.2344346918254055,0
6,WFG7,spd,R2,0.013229478522821064,1
6,WFG8,eps+,EPS+,0.3140179571057982,0
6,WFG8,eps+,IGD+,7.360309036747906e-06,1
6,WFG8,eps+,R2,0.9869658244117361,0
6,WFG8,hv,EPS+,0.002147897441270021,1
6,WFG8,hv,IGD+,1.48639003929844e-23,1
6,WFG8,hv,R2,1.0040779690737491e-07,1
6,WFG8,igd,EPS+,0.0025700627372455096,1
6,WFG8,igd,IGD+,0.6687269429172089,0
6,WFG8,igd,R2,0.8560702378494744,0
6,WFG8,igd+,EPS+,0.0038897106545918315,1
6,WFG8,igd+,IGD+,0.08687619047850349,0
6,WFG8,igd+,R2,7.125695937841879e-09,1
6,WFG8,r2,EPS+,2.1113970995065958e-14,1
6,WFG8,r2,IGD+,0.0005380988734114623,1
6,WFG8,r2,R2,0.019211918000818187,1
6,WFG8,s-energy,EPS+,1.9929255500252457e-20,1
6,WFG8,s-energy,IGD+,0.0026043402863259527,1
6,WFG8,s-energy,R2,9.099104040359805e-06,1
6,WFG8,spd,EPS+,4.772782801606969e-15,1
6,WFG8,spd,IGD+,0.3913194230171462,0
6,WFG8,spd,R2,0.7644471454815092,0
6,WFG9,eps+,EPS+,0.3646444313050948,0
6,WFG9,eps+,IGD+,0.00015030472786683102,1
6,WFG9,eps+,R2,0.6341649553480788,0
6,WFG9,hv,EPS+,2.2742809920160933e-05,1
6,WFG9,hv,IGD+,3.245993194073554e-14,1
6,WFG9,hv,R2,0.00298212207826045,1
6,WFG9,igd,EPS+,1.045829387569358e-20,1
6,WFG9,igd,IGD+,0.14953333720064657,0
6,WFG9,igd,R2,0.045518104924172326,1
6,WFG9,igd+,EPS+,0.00019616628726342643,1
6,WFG9,igd+,IGD+,1.2501101636917744e-10,1
6,WFG9,igd+,R2,0.04374189408855127,1
6,WFG9,r2,EPS+,0.554672761140332,0
6,WFG9,r2,IGD+,0.0036435933215251902,1
6,WFG9,r2,R2,0.758438411258575,0
6,WFG9,s-energy,EPS+,4.650744416564045e-09,1
6,WFG9,s-energy,IGD+,0.07120676711852165,0
6,WFG9,s-energy,R2,6.4118561116117485e-06,1
6,WFG9,spd,EPS+,6.888349697936335e-05,1
6,WFG9,spd,IGD+,0.026089151711213322,1
6,WFG9,spd,R2,4.542046588843568e-07,1
7,DTLZ1,eps+,EPS+,0.003940993830323931,1
7,DTLZ1,eps+,IGD+,0.0033855013438758154,1
7,DTLZ1,eps+,R2,0.31646735572022444,0
7,DTLZ1,hv,EPS+,7.011468118300856e-12,1
7,DTLZ1,hv,IGD+,0.0017295779035898305,1
7,DTLZ1,hv,R2,0.2374647801872428,0
7,DTLZ1,igd,EPS+,0.0022122690674670725,1
7,DTLZ1,igd,IGD+,0.002817217434593134,1
7,DTLZ1,igd,R2,0.3486529537612428,0
7,DTLZ1,igd+,EPS+,6.674712297670048e-05,1
7,DTLZ1,igd+,IGD+,0.0008225297506128956,1
7,DTLZ1,igd+,R2,0.126612922222703,0
7,DTLZ1,r2,EPS+,7.625515167572953e-06,1
7,DTLZ1,r2,IGD+,0.14917205135251083,0
7,DTLZ1,r2,R2,0.16362375611372182,0
7,DTLZ1,s-energy,EPS+,0.007230408625012612,1
7,DTLZ1,s-energy,IGD+,0.012850653045213998,1
7,DTLZ1,s-energy,R2,0.3279731763924641,0
7,DTLZ1,spd,EPS+,0.003012433353865684,1
7,DTLZ1,spd,IGD+,0.0006034409214052309,1
7,DTLZ1,spd,R2,0.3110257852217028,0
7,DTLZ2,eps+,EPS+,0.6572284306731914,0
7,DTLZ2,eps+,IGD+,4.3609705847462075e-21,1
7,DTLZ2,eps+,R2,4.0209617749269534e-10,1
7,DTLZ2,hv,EPS+,1.4174420478427033e-06,1
7,DTLZ2,hv,IGD+,5.629445481544258e-24,1
7,DTLZ2,hv,R2,2.2302133940178902e-10,1
7,DTLZ2,igd,EPS+,7.790462359041827e-22,1
7,DTLZ2,igd,IGD+,7.593991650780991e-22,1
7,DTLZ2,igd,R2,8.357263474570219e-05,1
7,DTLZ2,igd+,EPS+,3.0011852910580417e-10,1
7,DTLZ2,igd+,IGD+,3.7409991980730666e-23,1
7,DTLZ2,igd+,R2,2.1398770723745483e-11,1
7,DTLZ2,r2,EPS+,0.3069154604952115,0
7,DTLZ2,r2,IGD+,1.8765796227133487e-12,1
7,DTLZ2,r2,R2,0.0033350131117826066,1
7,DTLZ2,s-energy,EPS+,1.0088191417689086e-30,1
7,DTLZ2,s-energy,IGD+,1.9102654650681817e-17,1
7,DTLZ2,s-energy,R2,0.006974863675027086,1
7,DTLZ2,spd,EPS+,1.2122827318298192e-25,1
7,DTLZ2,spd,IGD+,2.8999831999538736e-22,1
7,DTLZ2,spd,R2,0.025688459281046332,1
7,DTLZ3,eps+,EPS+,0.7112739857305973,0
7,DTLZ3,eps+,IGD+,0.0067273830222916685,1
7,DTLZ3,eps+,R2,0.5661677686943564,0
7,DTLZ3,hv,EPS+,0.5276013273555701,0
7,DTLZ3,hv,IGD+,0.09203496700354893,0
7,DTLZ3,hv,R2,0.5747959218144246,0
7,DTLZ3,igd,EPS+,0.6182238491987114,0
7,DTLZ3,igd,IGD+,0.014069348869683404,1
7,DTLZ3,igd,R2,0.5767236454097684,0
7,DTLZ3,igd+,EPS+,0.6257725632083003,0
7,DTLZ3,igd+,IGD+,0.026342571269992364,1
7,DTLZ3,igd+,R2,0.5124492950698218,0
7,DTLZ3,r2,EPS+,0.825917441673,0
7,DTLZ3,r2,IGD+,0.03895973240306801,1
7,DTLZ3,r2,R2,0.5192869834402332,0
7,DTLZ3,s-energy,EPS+,0.5547267498601707,0
7,DTLZ3,s-energy,IGD+,0.7295244549791939,0
7,DTLZ3,s-energy,R2,0.5430420186270958,0
7,DTLZ3,spd,EPS+,0.5089582454123738,0
7,DTLZ3,spd,IGD+,0.10424168948063427,0
7,DTLZ3,spd,R2,0.508319283349796,0
7,DTLZ4,eps+,EPS+,0.6962634540688637,0
7,DTLZ4,eps+,IGD+,0.008959045239435621,1
7,DTLZ4,eps+,R2,0.18453745709763622,0
7,DTLZ4,hv,EPS+,0.6049291806157833,0
7,DTLZ4,hv,IGD+,0.00027430878971793993,1
7,DTLZ4,hv,R2,0.05840958282810206,0
7,DTLZ4,igd,EPS+,0.8152632445238019,0
7,DTLZ4,igd,IGD+,0.0003201390510020979,1
7,DTLZ4,igd,R2,0.15031332516382293,0
7,DTLZ4,igd+,EPS+,0.35911020102866476,0
7,DTLZ4,igd+,IGD+,0.0008334872944877885,1
7,DTLZ4,igd+,R2,0.7008354166319147,0
7,DTLZ4,r2,EPS+,0.2961318798990769,0
7,DTLZ4,r2,IGD+,0.09554361605797193,0
7,DTLZ4,r2,R2,0.22269617169312295,0
7,DTLZ4,s-energy,EPS+,0.050331097568270554,0
7,DTLZ4,s-energy,IGD+,0.36464443130508556,0
7,DTLZ4,s-energy,R2,0.016189522615503382,1
7,DTLZ4,spd,EPS+,0.004446077783304802,1
7,DTLZ4,spd,IGD+,0.3915963693005918,0
7,DTLZ4,spd,R2,0.01152633226507742,1
7,DTLZ5,eps+,EPS+,5.477834497777287e-05,1
7,DTLZ5,eps+,IGD+,0.037903787651497975,1
7,DTLZ5,eps+,R2,4.952588130171629e-07,1
7,DTLZ5,hv,EPS+,3.078971627036631e-16,1
7,DTLZ5,hv,IGD+,5.9535198987425514e-05,1
7,DTLZ5,hv,R2,0.0002695261202669169,1
7,DTLZ5,igd,EPS+,2.6291951892367606e-22,1
7,DTLZ5,igd,IGD+,4.435969467524478e-08,1
7,DTLZ5,igd,R2,0.0020499069823603265,1
7,DTLZ5,igd+,EPS+,1.3383139495288252e-18,1
7,DTLZ5,igd+,IGD+,9.01268250804839e-05,1
7,DTLZ5,igd+,R2,0.00014504661502022127,1
7,DTLZ5,r2,EPS+,2.051964924350962e-05,1
7,DTLZ5,r2,IGD+,0.022940138649863787,1
7,DTLZ5,r2,R2,1.0285167601489572e-05,1
7,DTLZ5,s-energy,EPS+,2.2816336471601826e-13,1
7,DTLZ5,s-energy,IGD+,0.0007623686138856599,1
7,DTLZ5,s-energy,R2,0.07101346905818533,0
7,DTLZ5,spd,EPS+,4.6670744708801134e-17,1
7,DTLZ5,spd,IGD+,0.0008971879560182654,1
7,DTLZ5,spd,R2,0.02807109832264016,1
7,DTLZ6,eps+,EPS+,3.408352016576482e-11,1
7,DTLZ6,eps+,IGD+,1.5090645499856235e-30,1
7,DTLZ6,eps+,R2,6.302307438128359e-07,1
7,DTLZ6,hv,EPS+,3.888615862723607e-12,1
7,DTLZ6,hv,IGD+,,0
7,DTLZ6,hv,R2,,0
7,DTLZ6,igd,EPS+,0.006820903402585465,1
7,DTLZ6,igd,IGD+,2.384072417630488e-33,1
7,DTLZ6,igd,R2,1.8394548532757754e-29,1
7,DTLZ6,igd+,EPS+,1.8948466423165565e-11,1
7,DTLZ6,igd+,IGD+,2.5095321858473274e-32,1
7,DTLZ6,igd+,R2,1.0536280320340787e-28,1
7,DTLZ6,r2,EPS+,1.5221183655999202e-11,1
7,DTLZ6,r2,IGD+,1.4716401104225426e-33,1
7,DTLZ6,r2,R2,2.656093030554338e-29,1
7,DTLZ6,s-energy,EPS+,3.580143888283165e-05,1
7,DTLZ6,s-energy,IGD+,7.58093458087935e-30,1
7,DTLZ6,s-energy,R2,5.975871461521796e-30,1
7,DTLZ6,spd,EPS+,0.00012804217511935514,1
7,DTLZ6,spd,IGD+,0.5723092247202036,0
7,DTLZ6,spd,R2,0.44049328506520935,0
7,DTLZ7,eps+,EPS+,0.8702581104727749,0
7,DTLZ7,eps+,IGD+,6.870110970434339e-15,1
7,DTLZ7,eps+,R2,0.018303510211057736,1
7,DTLZ7,hv,EPS+,0.0018480836270590116,1
7,DTLZ7,hv,IGD+,8.39040492414702e-26,1
7,DTLZ7,hv,R2,7.918238325581211e-14,1
7,DTLZ7,igd,EPS+,0.7918530328175131,0
7,DTLZ7,igd,IGD+,6.428879570589534e-15,1
7,DTLZ7,igd,R2,0.012209211634001191,1
7,DTLZ7,igd+,EPS+,0.8265867970903933,0
7,DTLZ7,igd+,IGD+,7.812795132025162e-15,1
7,DTLZ7,igd+,R2,0.01956335176665629,1
7,DTLZ7,r2,EPS+,0.858822765959192,0
7,DTLZ7,r2,IGD+,1.3784652395050809e-14,1
7,DTLZ7,r2,R2,0.037903787651497975,1
7,DTLZ7,s-energy,EPS+,1.36315157305821e-25,1
7,DTLZ7,s-energy,IGD+,2.1478485868003083e-28,1
7,DTLZ7,s-energy,R2,1.7873703894451397e-07,1
7,DTLZ7,spd,EPS+,2.385000413523555e-21,1
7,DTLZ7,spd,IGD+,4.981470782921347e-28,1
7,DTLZ7,spd,R2,3.942281468965139e-12,1
7,WFG1,eps+,EPS+,4.892967021186353e-12,1
7,WFG1,eps+,IGD+,0.02218156270744768,1
7,WFG1,eps+,R2,0.8286020041996709,0
7,WFG1,hv,EPS+,0.4758533089304223,0
7,WFG1,hv,IGD+,0.48003487057712657,0
7,WFG1,hv,R2,0.6732486128810182,0
7,WFG1,igd,EPS+,7.367131701266266e-12,1
7,WFG1,igd,IGD+,0.6873689540474252,0
7,WFG1,igd,R2,0.8879655822775494,0
7,WFG1,igd+,EPS+,5.966786312738819e-11,1
7,WFG1,igd+,IGD+,0.13201906078990197,0
7,WFG1,igd+,R2,0.9079469690967591,0
7,WFG1,r2,EPS+,0.0359594067776655,1
7,WFG1,r2,IGD+,0.6751010540436879,0
7,WFG1,r2,R2,0.8108120016090217,0
7,WFG1,s-energy,EPS+,0.03926648665231686,1
7,WFG1,s-energy,IGD+,0.6242957563833151,0
7,WFG1,s-energy,R2,0.9397926745851014,0
7,WFG1,spd,EPS+,0.00021999670056192883,1
7,WFG1,spd,IGD+,0.7343467497692528,0
7,WFG1,spd,R2,0.8973177802198307,0
7,WFG2,eps+,EPS+,4.201354037045446e-22,1
7,WFG2,eps+,IGD+,0.3970190719424801,0
7,WFG2,eps+,R2,0.1866791453704303,0
7,WFG2,hv,EPS+,0.002002548343273643,1
7,WFG2,hv,IGD+,0.03465324645516382,1
7,WFG2,hv,R2,0.4169007166381779,0
7,WFG2,igd,EPS+,0.00939209647760037,1
7,WFG2,igd,IGD+,0.24147048394426818,0
7,WFG2,igd,R2,0.0036198230923309748,1
7,WFG2,igd+,EPS+,2.3411311183154694e-26,1
7,WFG2,igd+,IGD+,0.3312447462420323,0
7,WFG2,igd+,R2,1.1495174425560664e-05,1
7,WFG2,r2,EPS+,2.697447810348403e-25,1
7,WFG2,r2,IGD+,0.15665905393982518,0
7,WFG2,r2,R2,0.6093082907614076,0
7,WFG2,s-energy,EPS+,1.0654286126923844e-13,1
7,WFG2,s-energy,IGD+,0.747554797356313,0
7,WFG2,s-energy,R2,0.06761329896703128,0
7,WFG2,spd,EPS+,4.547661509411294e-14,1
7,WFG2,spd,IGD+,0.7946585574590888,0
7,WFG2,spd,R2,0.10866904228769465,0
7,WFG3,eps+,EPS+,2.02759278514321e-16,1
7,WFG3,eps+,IGD+,0.6554568790013916,0
7,WFG3,eps+,R2,0.7107788135673042,0
7,WFG3,hv,EPS+,0.0010915143069348565,1
7,WFG3,hv,IGD+,0.13305933903059947,0
7,WFG3,hv,R2,0.7683694238665474,0
7,WFG3,igd,EPS+,2.313589836213837e-22,1
7,WFG3,igd,IGD+,0.5321035763747151,0
7,WFG3,igd,R2,0.3667993488297701,0
7,WFG3,igd+,EPS+,2.8644649094257246e-25,1
7,WFG3,igd+,IGD+,0.5809998252234343,0
7,WFG3,igd+,R2,0.11311392569232702,0
7,WFG3,r2,EPS+,1.0856813846557558e-25,1
7,WFG3,r2,IGD+,0.5398856765324251,0
7,WFG3,r2,R2,0.13339324406323538,0
7,WFG3,s-energy,EPS+,4.491618877513005e-28,1
7,WFG3,s-energy,IGD+,0.6554568790013916,0
7,WFG3,s-energy,R2,0.30245348713629544,0
7,WFG3,spd,EPS+,1.715480254467206e-27,1
7,WFG3,spd,IGD+,0.26630042225560185,0
7,WFG3,spd,R2,0.8232420975644908,0
7,WFG4,eps+,EPS+,0.000287135891715931,1
7,WFG4,eps+,IGD+,0.0825866286095809,0
7,WFG4,eps+,R2,9.406832463646809e-07,1
7,WFG4,hv,EPS+,5.003159335951678e-05,1
7,WFG4,hv,IGD+,4.0514349237875106e-18,1
7,WFG4,hv,R2,1.4912554757288092e-22,1
7,WFG4,igd,EPS+,4.501670217054001e-16,1
7,WFG4,igd,IGD+,1.3585378145689858e-13,1
7,WFG4,igd,R2,1.3041418004105796e-12,1
7,WFG4,igd+,EPS+,0.021801765432587678,1
7,WFG4,igd+,IGD+,2.3463584226206907e-17,1
7,WFG4,igd+,R2,2.5828670225272073e-24,1
7,WFG4,r2,EPS+,0.019096095943123233,1
7,WFG4,r2,IGD+,3.950329466079763e-05,1
7,WFG4,r2,R2,0.019270075938893565,1
7,WFG4,s-energy,EPS+,7.629736489556874e-14,1
7,WFG4,s-energy,IGD+,0.0003708328958783566,1
7,WFG4,s-energy,R2,0.48456371221209493,0
7,WFG4,spd,EPS+,7.121975772836749e-10,1
7,WFG4,spd,IGD+,0.023197973862410105,1
7,WFG4,spd,R2,0.16462159280874333,0
7,WFG5,eps+,EPS+,0.7407976566925841,0
7,WFG5,eps+,IGD+,1.3882733632620125e-05,1
7,WFG5,eps+,R2,5.737334659056652e-08,1
7,WFG5,hv,EPS+,1.2767709191156105e-07,1
7,WFG5,hv,IGD+,1.630973950348269e-22,1
7,WFG5,hv,R2,7.333169052348268e-16,1
7,WFG5,igd,EPS+,1.3641568677530138e-15,1
7,WFG5,igd,IGD+,2.068165430814011e-14,1
7,WFG5,igd,R2,6.882184123843306e-14,1
7,WFG5,igd+,EPS+,8.295528099727534e-07,1
7,WFG5,igd+,IGD+,5.485327186689946e-21,1
7,WFG5,igd+,R2,1.5850139879190638e-20,1
7,WFG5,r2,EPS+,0.002389189239859934,1
7,WFG5,r2,IGD+,0.00441642550459928,1
7,WFG5,r2,R2,0.5555458726852709,0
7,WFG5,s-energy,EPS+,7.619995227284544e-09,1
7,WFG5,s-energy,IGD+,4.494802222352275e-06,1
7,WFG5,s-energy,R2,1.1548616397417397e-15,1
7,WFG5,spd,EPS+,8.68659003144678e-07,1
7,WFG5,spd,IGD+,0.21002801685480552,0
7,WFG5,spd,R2,2.575701640689161e-18,1
7,WFG6,eps+,EPS+,0.2838415020347363,0
7,WFG6,eps+,IGD+,0.2181343408193325,0
7,WFG6,eps+,R2,0.47791481154595006,0
7,WFG6,hv,EPS+,0.6341649553480788,0
7,WFG6,hv,IGD+,0.03385718559988089,1
7,WFG6,hv,R2,0.012949227620609972,1
7,WFG6,igd,EPS+,5.781271722254267e-19,1
7,WFG6,igd,IGD+,0.016861480290770767,1
7,WFG6,igd,R2,0.11224550177842502,0
7,WFG6,igd+,EPS+,0.5616670283345826,0
7,WFG6,igd+,IGD+,2.461742847950433e-07,1
7,WFG6,igd+,R2,5.215586700162759e-10,1
7,WFG6,r2,EPS+,0.3225544686923036,0
7,WFG6,r2,IGD+,0.06873015866098628,0
7,WFG6,r2,R2,0.0066065848787470825,1
7,WFG6,s-energy,EPS+,6.323784621194924e-08,1
7,WFG6,s-energy,IGD+,0.00027917450355563256,1
7,WFG6,s-energy,R2,7.834105547581103e-11,1
7,WFG6,spd,EPS+,0.0021582059918842044,1
7,WFG6,spd,IGD+,0.03439595474463103,1
7,WFG6,spd,R2,6.69196881833372e-05,1
7,WFG7,eps+,EPS+,0.6775476361045435,0
7,WFG7,eps+,IGD+,2.5159722981091446e-19,1
7,WFG7,eps+,R2,6.985060702084457e-15,1
7,WFG7,hv,EPS+,0.037361201105443734,1
7,WFG7,hv,IGD+,6.990791062768078e-29,1
7,WFG7,hv,R2,1.7199665062621904e-17,1
7,WFG7,igd,EPS+,3.2326047590149934e-14,1
7,WFG7,igd,IGD+,1.9115880925376197e-19,1
7,WFG7,igd,R2,0.0011722492970618686,1
7,WFG7,igd+,EPS+,0.007895275670227034,1
7,WFG7,igd+,IGD+,5.089749565019233e-25,1
7,WFG7,igd+,R2,5.072188689587637e-19,1
7,WFG7,r2,EPS+,0.018639330003808758,1
7,WFG7,r2,IGD+,1.4089470865726081e-05,1
7,WFG7,r2,R2,0.7038289207767773,0
7,WFG7,s-energy,EPS+,1.3236629564174665e-16,1
7,WFG7,s-energy,IGD+,2.039460091559015e-06,1
7,WFG7,s-energy,R2,0.3140179571057982,0
7,WFG7,spd,EPS+,5.335993959468907e-12,1
7,WFG7,spd,IGD+,0.3509852230247504,0
7,WFG7,spd,R2,0.15723828806626486,0
7,WFG8,eps+,EPS+,2.2414184053404806e-06,1
7,WFG8,eps+,IGD+,9.146105549588424e-15,1
7,WFG8,eps+,R2,0.04386663338754933,1
7,WFG8,hv,EPS+,0.00043841117295745114,1
7,WFG8,hv,IGD+,4.39818267112017e-21,1
7,WFG8,hv,R2,4.067079176815489e-05,1
7,WFG8,igd,EPS+,0.7012155844314465,0
7,WFG8,igd,IGD+,0.1052293651829919,0
7,WFG8,igd,R2,0.30627528057043935,0
7,WFG8,igd+,EPS+,0.014074135585779177,1
7,WFG8,igd+,IGD+,2.432337729849502e-19,1
7,WFG8,igd+,R2,0.00030802415526239864,1
7,WFG8,r2,EPS+,1.905498003461323e-08,1
7,WFG8,r2,IGD+,2.430264415638365e-14,1
7,WFG8,r2,R2,0.047226157688660196,1
7,WFG8,s-energy,EPS+,0.8205810444624804,0
7,WFG8,s-energy,IGD+,6.082383061282861e-08,1
7,WFG8,s-energy,R2,0.5081288136377914,0
7,WFG8,spd,EPS+,0.2509268388488156,0
7,WFG8,spd,IGD+,0.44049328506520935,0
7,WFG8,spd,R2,0.44049328506520935,0
7,WFG9,eps+,EPS+,0.12749016081015713,0
7,WFG9,eps+,IGD+,0.00012576044953347822,1
7,WFG9,eps+,R2,0.00799597343902697,1
7,WFG9,hv,EPS+,0.00030266678144959383,1
7,WFG9,hv,IGD+,4.51241510002328e-13,1
7,WFG9,hv,R2,0.039461809081866715,1
7,WFG9,igd,EPS+,9.013669694488097e-12,1
7,WFG9,igd,IGD+,0.21075510385888863,0
7,WFG9,igd,R2,0.0037524319182476824,1
7,WFG9,igd+,EPS+,0.009362617406801145,1
7,WFG9,igd+,IGD+,8.251573482416625e-14,1
7,WFG9,igd+,R2,0.015766266893439126,1
7,WFG9,r2,EPS+,0.0470927228271714,1
7,WFG9,r2,IGD+,1.3861074085658683e-06,1
7,WFG9,r2,R2,0.05892058191662179,0
7,WFG9,s-energy,EPS+,0.17340667642913873,0
7,WFG9,s-energy,IGD+,3.0011852910580417e-10,1
7,WFG9,s-energy,R2,0.0002841246660693485,1
7,WFG9,spd,EPS+,0.03189437432498808,1
7,WFG9,spd,IGD+,0.18931546366329374,0
7,WFG9,spd,R2,0.00024925133110599964,1
