problema,dimension,0.001,0.1,0.2,0.30000000000000004,0.4,0.5,0.6000000000000001,0.7000000000000001,0.8,0.9,0.999
DTLZ1,2,4.529238e+00 +- 4.529238e+00,4.526617e+00 +- 4.526617e+00,4.522312e+00 +- 4.522312e+00,4.633387e+00 +- 4.633387e+00,4.521867e+00 +- 4.521867e+00,4.531908e+00 +- 4.531908e+00,4.529426e+00 +- 4.529426e+00,4.527573e+00 +- 4.527573e+00,4.524792e+00 +- 4.524792e+00,4.560105e+00 +- 4.560105e+00,4.602813e+00 +- 4.602813e+00
DTLZ1,3,8.954801e+00 +- 8.954801e+00,8.973104e+00 +- 8.973104e+00,8.929410e+00 +- 8.929410e+00,8.777163e+00 +- 8.777163e+00,8.904927e+00 +- 8.904927e+00,9.075798e+00 +- 9.075798e+00,8.839976e+00 +- 8.839976e+00,9.075739e+00 +- 9.075739e+00,9.001157e+00 +- 9.001157e+00,8.910220e+00 +- 8.910220e+00,8.837296e+00 +- 8.837296e+00
DTLZ1,4,1.375022e+01 +- 1.375022e+01,1.394151e+01 +- 1.394151e+01,1.392700e+01 +- 1.392700e+01,1.354116e+01 +- 1.354116e+01,1.498501e+01 +- 1.498501e+01,1.409147e+01 +- 1.409147e+01,1.438387e+01 +- 1.438387e+01,1.315027e+01 +- 1.315027e+01,1.457705e+01 +- 1.457705e+01,1.396265e+01 +- 1.396265e+01,1.393520e+01 +- 1.393520e+01
DTLZ1,5,2.162092e+01 +- 2.162092e+01,2.158485e+01 +- 2.158485e+01,2.306649e+01 +- 2.306649e+01,2.173857e+01 +- 2.173857e+01,2.104641e+01 +- 2.104641e+01,2.194675e+01 +- 2.194675e+01,1.947662e+01 +- 1.947662e+01,2.129119e+01 +- 2.129119e+01,2.306705e+01 +- 2.306705e+01,1.979415e+01 +- 1.979415e+01,2.331388e+01 +- 2.331388e+01
DTLZ1,6,2.777893e+01 +- 2.777893e+01,2.689691e+01 +- 2.689691e+01,2.867373e+01 +- 2.867373e+01,2.863305e+01 +- 2.863305e+01,2.806607e+01 +- 2.806607e+01,2.489346e+01 +- 2.489346e+01,2.935872e+01 +- 2.935872e+01,2.708871e+01 +- 2.708871e+01,2.498468e+01 +- 2.498468e+01,2.615155e+01 +- 2.615155e+01,2.417978e+01 +- 2.417978e+01
DTLZ1,7,2.810958e+01 +- 2.810958e+01,2.829775e+01 +- 2.829775e+01,2.734231e+01 +- 2.734231e+01,2.752883e+01 +- 2.752883e+01,2.840263e+01 +- 2.840263e+01,2.927384e+01 +- 2.927384e+01,2.675201e+01 +- 2.675201e+01,2.178193e+01 +- 2.178193e+01,2.461450e+01 +- 2.461450e+01,2.988019e+01 +- 2.988019e+01,3.013872e+01 +- 3.013872e+01
DTLZ1,10,,,,,,,,,,,
DTLZ2,2,8.820200e+00 +- 8.820200e+00,8.805556e+00 +- 8.805556e+00,8.818531e+00 +- 8.818531e+00,8.814017e+00 +- 8.814017e+00,8.804901e+00 +- 8.804901e+00,8.819796e+00 +- 8.819796e+00,8.803463e+00 +- 8.803463e+00,8.806985e+00 +- 8.806985e+00,8.816101e+00 +- 8.816101e+00,8.816303e+00 +- 8.816303e+00,8.820067e+00 +- 8.820067e+00
DTLZ2,3,3.188797e+01 +- 3.188797e+01,3.209399e+01 +- 3.209399e+01,3.201168e+01 +- 3.201168e+01,3.208010e+01 +- 3.208010e+01,3.186556e+01 +- 3.186556e+01,3.204730e+01 +- 3.204730e+01,3.202325e+01 +- 3.202325e+01,3.200127e+01 +- 3.200127e+01,3.202125e+01 +- 3.202125e+01,3.219698e+01 +- 3.219698e+01,3.197852e+01 +- 3.197852e+01
DTLZ2,4,6.290958e+01 +- 6.290958e+01,6.298271e+01 +- 6.298271e+01,6.275786e+01 +- 6.275786e+01,6.291604e+01 +- 6.291604e+01,6.304927e+01 +- 6.304927e+01,6.316996e+01 +- 6.316996e+01,6.286122e+01 +- 6.286122e+01,6.285569e+01 +- 6.285569e+01,6.308859e+01 +- 6.308859e+01,6.293579e+01 +- 6.293579e+01,6.297807e+01 +- 6.297807e+01
DTLZ2,5,8.692214e+01 +- 8.692214e+01,8.705867e+01 +- 8.705867e+01,8.654475e+01 +- 8.654475e+01,8.673068e+01 +- 8.673068e+01,8.675039e+01 +- 8.675039e+01,8.679924e+01 +- 8.679924e+01,8.671803e+01 +- 8.671803e+01,8.701945e+01 +- 8.701945e+01,8.702298e+01 +- 8.702298e+01,8.678130e+01 +- 8.678130e+01,8.655516e+01 +- 8.655516e+01
DTLZ2,6,9.987018e+01 +- 9.987018e+01,9.957249e+01 +- 9.957249e+01,1.004237e+02 +- 1.004237e+02,1.001345e+02 +- 1.001345e+02,1.002013e+02 +- 1.002013e+02,1.005227e+02 +- 1.005227e+02,9.997896e+01 +- 9.997896e+01,9.998033e+01 +- 9.998033e+01,9.967739e+01 +- 9.967739e+01,9.977492e+01 +- 9.977492e+01,9.948551e+01 +- 9.948551e+01
DTLZ2,7,1.039154e+02 +- 1.039154e+02,1.032611e+02 +- 1.032611e+02,1.029127e+02 +- 1.029127e+02,1.048437e+02 +- 1.048437e+02,1.035444e+02 +- 1.035444e+02,1.049502e+02 +- 1.049502e+02,1.037509e+02 +- 1.037509e+02,1.040452e+02 +- 1.040452e+02,1.047448e+02 +- 1.047448e+02,1.040941e+02 +- 1.040941e+02,1.023089e+02 +- 1.023089e+02
DTLZ2,10,,,,,,,,,,,
DTLZ3,2,8.839305e+00 +- 8.839305e+00,8.851192e+00 +- 8.851192e+00,9.065517e+00 +- 9.065517e+00,8.945754e+00 +- 8.945754e+00,8.859311e+00 +- 8.859311e+00,8.868174e+00 +- 8.868174e+00,8.870526e+00 +- 8.870526e+00,8.850009e+00 +- 8.850009e+00,8.862789e+00 +- 8.862789e+00,8.860463e+00 +- 8.860463e+00,8.850056e+00 +- 8.850056e+00
DTLZ3,3,3.350698e+01 +- 3.350698e+01,3.382458e+01 +- 3.382458e+01,3.353425e+01 +- 3.353425e+01,3.322430e+01 +- 3.322430e+01,3.349905e+01 +- 3.349905e+01,3.328377e+01 +- 3.328377e+01,3.332493e+01 +- 3.332493e+01,3.376891e+01 +- 3.376891e+01,3.399351e+01 +- 3.399351e+01,3.312639e+01 +- 3.312639e+01,3.361545e+01 +- 3.361545e+01
DTLZ3,4,6.758780e+01 +- 6.758780e+01,6.839434e+01 +- 6.839434e+01,6.945062e+01 +- 6.945062e+01,6.814518e+01 +- 6.814518e+01,6.829598e+01 +- 6.829598e+01,6.925176e+01 +- 6.925176e+01,6.787444e+01 +- 6.787444e+01,6.809531e+01 +- 6.809531e+01,6.824716e+01 +- 6.824716e+01,6.819350e+01 +- 6.819350e+01,6.817125e+01 +- 6.817125e+01
DTLZ3,5,9.137770e+01 +- 9.137770e+01,9.272854e+01 +- 9.272854e+01,9.279946e+01 +- 9.279946e+01,9.160130e+01 +- 9.160130e+01,9.044309e+01 +- 9.044309e+01,8.942384e+01 +- 8.942384e+01,8.998662e+01 +- 8.998662e+01,8.949976e+01 +- 8.949976e+01,9.178851e+01 +- 9.178851e+01,8.819814e+01 +- 8.819814e+01,9.128501e+01 +- 9.128501e+01
DTLZ3,6,8.627958e+01 +- 8.627958e+01,9.372709e+01 +- 9.372709e+01,9.850431e+01 +- 9.850431e+01,9.290479e+01 +- 9.290479e+01,9.960593e+01 +- 9.960593e+01,9.791070e+01 +- 9.791070e+01,9.852998e+01 +- 9.852998e+01,1.037681e+02 +- 1.037681e+02,1.000371e+02 +- 1.000371e+02,8.750659e+01 +- 8.750659e+01,9.470005e+01 +- 9.470005e+01
DTLZ3,7,5.055989e+01 +- 5.055989e+01,2.384490e+01 +- 2.384490e+01,3.835813e+01 +- 3.835813e+01,2.530865e+01 +- 2.530865e+01,4.732091e+01 +- 4.732091e+01,4.637311e+01 +- 4.637311e+01,5.809799e+01 +- 5.809799e+01,3.968461e+01 +- 3.968461e+01,3.513144e+01 +- 3.513144e+01,4.414254e+01 +- 4.414254e+01,4.761585e+01 +- 4.761585e+01
DTLZ3,10,,,,,,,,,,,
DTLZ4,2,6.178058e+00 +- 6.178058e+00,6.173667e+00 +- 6.173667e+00,6.172828e+00 +- 6.172828e+00,6.172117e+00 +- 6.172117e+00,6.174815e+00 +- 6.174815e+00,6.181558e+00 +- 6.181558e+00,6.172362e+00 +- 6.172362e+00,6.171182e+00 +- 6.171182e+00,6.170558e+00 +- 6.170558e+00,6.178806e+00 +- 6.178806e+00,6.185848e+00 +- 6.185848e+00
DTLZ4,3,1.969526e+01 +- 1.969526e+01,1.973042e+01 +- 1.973042e+01,1.987831e+01 +- 1.987831e+01,1.993044e+01 +- 1.993044e+01,1.982980e+01 +- 1.982980e+01,1.975739e+01 +- 1.975739e+01,1.982429e+01 +- 1.982429e+01,1.986011e+01 +- 1.986011e+01,1.983385e+01 +- 1.983385e+01,1.992289e+01 +- 1.992289e+01,1.988015e+01 +- 1.988015e+01
DTLZ4,4,3.507542e+01 +- 3.507542e+01,4.108640e+01 +- 4.108640e+01,4.102323e+01 +- 4.102323e+01,4.139376e+01 +- 4.139376e+01,4.147660e+01 +- 4.147660e+01,4.116933e+01 +- 4.116933e+01,4.123457e+01 +- 4.123457e+01,4.141346e+01 +- 4.141346e+01,4.140312e+01 +- 4.140312e+01,4.118015e+01 +- 4.118015e+01,3.501875e+01 +- 3.501875e+01
DTLZ4,5,5.112375e+01 +- 5.112375e+01,4.458633e+01 +- 4.458633e+01,4.454547e+01 +- 4.454547e+01,4.456832e+01 +- 4.456832e+01,5.343973e+01 +- 5.343973e+01,6.579336e+01 +- 6.579336e+01,5.061706e+01 +- 5.061706e+01,5.079548e+01 +- 5.079548e+01,5.072436e+01 +- 5.072436e+01,5.561428e+01 +- 5.561428e+01,5.620610e+01 +- 5.620610e+01
DTLZ4,6,2.968638e+01 +- 2.968638e+01,2.970406e+01 +- 2.970406e+01,2.970406e+01 +- 2.970406e+01,2.928107e+01 +- 2.928107e+01,2.928107e+01 +- 2.928107e+01,2.984418e+01 +- 2.984418e+01,2.984418e+01 +- 2.984418e+01,2.942609e+01 +- 2.942609e+01,2.942609e+01 +- 2.942609e+01,2.904783e+01 +- 2.904783e+01,2.945710e+01 +- 2.945710e+01
DTLZ4,7,3.295084e+01 +- 3.295084e+01,3.295084e+01 +- 3.295084e+01,3.295084e+01 +- 3.295084e+01,3.295084e+01 +- 3.295084e+01,3.295084e+01 +- 3.295084e+01,3.295084e+01 +- 3.295084e+01,3.295084e+01 +- 3.295084e+01,3.295084e+01 +- 3.295084e+01,3.295084e+01 +- 3.295084e+01,3.295084e+01 +- 3.295084e+01,3.295084e+01 +- 3.295084e+01
DTLZ4,10,,,,,,,,,,,
DTLZ5,2,8.820200e+00 +- 8.820200e+00,8.805556e+00 +- 8.805556e+00,8.818531e+00 +- 8.818531e+00,8.814017e+00 +- 8.814017e+00,8.804901e+00 +- 8.804901e+00,8.819796e+00 +- 8.819796e+00,8.803463e+00 +- 8.803463e+00,8.806985e+00 +- 8.806985e+00,8.816101e+00 +- 8.816101e+00,8.816303e+00 +- 8.816303e+00,8.820067e+00 +- 8.820067e+00
DTLZ5,3,8.799145e+00 +- 8.799145e+00,8.801970e+00 +- 8.801970e+00,8.817499e+00 +- 8.817499e+00,8.799731e+00 +- 8.799731e+00,8.799980e+00 +- 8.799980e+00,8.805039e+00 +- 8.805039e+00,8.808486e+00 +- 8.808486e+00,8.798185e+00 +- 8.798185e+00,8.801945e+00 +- 8.801945e+00,8.805981e+00 +- 8.805981e+00,8.817151e+00 +- 8.817151e+00
DTLZ5,4,6.826892e+01 +- 6.826892e+01,7.108061e+01 +- 7.108061e+01,7.074863e+01 +- 7.074863e+01,6.975566e+01 +- 6.975566e+01,7.003009e+01 +- 7.003009e+01,6.923757e+01 +- 6.923757e+01,6.934813e+01 +- 6.934813e+01,6.990129e+01 +- 6.990129e+01,6.936198e+01 +- 6.936198e+01,7.119114e+01 +- 7.119114e+01,7.009539e+01 +- 7.009539e+01
DTLZ5,5,1.010176e+02 +- 1.010176e+02,1.015828e+02 +- 1.015828e+02,1.003961e+02 +- 1.003961e+02,1.026599e+02 +- 1.026599e+02,1.015814e+02 +- 1.015814e+02,1.017686e+02 +- 1.017686e+02,1.007097e+02 +- 1.007097e+02,1.006596e+02 +- 1.006596e+02,9.956680e+01 +- 9.956680e+01,1.016640e+02 +- 1.016640e+02,9.972334e+01 +- 9.972334e+01
DTLZ5,6,1.012548e+02 +- 1.012548e+02,1.019581e+02 +- 1.019581e+02,1.045653e+02 +- 1.045653e+02,1.041292e+02 +- 1.041292e+02,1.015052e+02 +- 1.015052e+02,1.014602e+02 +- 1.014602e+02,1.016705e+02 +- 1.016705e+02,1.015440e+02 +- 1.015440e+02,9.993446e+01 +- 9.993446e+01,1.008403e+02 +- 1.008403e+02,1.046482e+02 +- 1.046482e+02
DTLZ5,7,1.064064e+02 +- 1.064064e+02,1.061649e+02 +- 1.061649e+02,1.056613e+02 +- 1.056613e+02,1.067175e+02 +- 1.067175e+02,1.060571e+02 +- 1.060571e+02,1.069108e+02 +- 1.069108e+02,1.071574e+02 +- 1.071574e+02,1.088406e+02 +- 1.088406e+02,1.066104e+02 +- 1.066104e+02,1.068202e+02 +- 1.068202e+02,1.058795e+02 +- 1.058795e+02
DTLZ5,10,,,,,,,,,,,
DTLZ6,2,9.292204e+00 +- 9.292204e+00,9.216965e+00 +- 9.216965e+00,9.297862e+00 +- 9.297862e+00,9.099008e+00 +- 9.099008e+00,9.005204e+00 +- 9.005204e+00,9.204850e+00 +- 9.204850e+00,8.928143e+00 +- 8.928143e+00,9.104328e+00 +- 9.104328e+00,9.198855e+00 +- 9.198855e+00,9.201882e+00 +- 9.201882e+00,9.304834e+00 +- 9.304834e+00
DTLZ6,3,8.888293e+00 +- 8.888293e+00,8.902336e+00 +- 8.902336e+00,9.087724e+00 +- 9.087724e+00,9.095905e+00 +- 9.095905e+00,8.794152e+00 +- 8.794152e+00,9.156691e+00 +- 9.156691e+00,8.980541e+00 +- 8.980541e+00,8.883931e+00 +- 8.883931e+00,9.151436e+00 +- 9.151436e+00,8.893381e+00 +- 8.893381e+00,9.000896e+00 +- 9.000896e+00
DTLZ6,4,8.581828e+01 +- 8.581828e+01,8.342572e+01 +- 8.342572e+01,8.679909e+01 +- 8.679909e+01,8.511594e+01 +- 8.511594e+01,8.291103e+01 +- 8.291103e+01,8.648491e+01 +- 8.648491e+01,8.368537e+01 +- 8.368537e+01,8.232793e+01 +- 8.232793e+01,8.490254e+01 +- 8.490254e+01,8.546994e+01 +- 8.546994e+01,8.698033e+01 +- 8.698033e+01
DTLZ6,5,1.118915e+02 +- 1.118915e+02,1.121087e+02 +- 1.121087e+02,1.123121e+02 +- 1.123121e+02,1.113090e+02 +- 1.113090e+02,1.114136e+02 +- 1.114136e+02,1.128377e+02 +- 1.128377e+02,1.123587e+02 +- 1.123587e+02,1.107758e+02 +- 1.107758e+02,1.128612e+02 +- 1.128612e+02,1.116896e+02 +- 1.116896e+02,1.111156e+02 +- 1.111156e+02
DTLZ6,6,1.144878e+02 +- 1.144878e+02,1.130491e+02 +- 1.130491e+02,1.128322e+02 +- 1.128322e+02,1.126844e+02 +- 1.126844e+02,1.131439e+02 +- 1.131439e+02,1.144587e+02 +- 1.144587e+02,1.132166e+02 +- 1.132166e+02,1.118382e+02 +- 1.118382e+02,1.093154e+02 +- 1.093154e+02,1.118234e+02 +- 1.118234e+02,1.090285e+02 +- 1.090285e+02
DTLZ6,7,1.004380e+02 +- 1.004380e+02,1.106793e+02 +- 1.106793e+02,1.107253e+02 +- 1.107253e+02,1.120729e+02 +- 1.120729e+02,1.132010e+02 +- 1.132010e+02,1.118150e+02 +- 1.118150e+02,1.094410e+02 +- 1.094410e+02,1.103873e+02 +- 1.103873e+02,1.130804e+02 +- 1.130804e+02,1.020324e+02 +- 1.020324e+02,1.112392e+02 +- 1.112392e+02
DTLZ6,10,,,,,,,,,,,
DTLZ7,2,1.086873e+01 +- 1.086873e+01,1.013159e+01 +- 1.013159e+01,1.086790e+01 +- 1.086790e+01,1.013065e+01 +- 1.013065e+01,1.086825e+01 +- 1.086825e+01,1.086788e+01 +- 1.086788e+01,1.086789e+01 +- 1.086789e+01,1.086692e+01 +- 1.086692e+01,1.086864e+01 +- 1.086864e+01,1.086671e+01 +- 1.086671e+01,1.086798e+01 +- 1.086798e+01
DTLZ7,3,4.284024e+01 +- 4.284024e+01,4.274213e+01 +- 4.274213e+01,4.305619e+01 +- 4.305619e+01,4.071176e+01 +- 4.071176e+01,4.531370e+01 +- 4.531370e+01,4.517407e+01 +- 4.517407e+01,3.780989e+01 +- 3.780989e+01,4.475820e+01 +- 4.475820e+01,4.509254e+01 +- 4.509254e+01,4.523179e+01 +- 4.523179e+01,4.293129e+01 +- 4.293129e+01
DTLZ7,4,6.309279e+01 +- 6.309279e+01,7.798085e+01 +- 7.798085e+01,7.564484e+01 +- 7.564484e+01,6.963995e+01 +- 6.963995e+01,6.934418e+01 +- 6.934418e+01,7.229657e+01 +- 7.229657e+01,8.051011e+01 +- 8.051011e+01,7.114956e+01 +- 7.114956e+01,6.581021e+01 +- 6.581021e+01,7.609331e+01 +- 7.609331e+01,7.377362e+01 +- 7.377362e+01
DTLZ7,5,9.600868e+01 +- 9.600868e+01,9.684787e+01 +- 9.684787e+01,9.628739e+01 +- 9.628739e+01,9.629328e+01 +- 9.629328e+01,9.574137e+01 +- 9.574137e+01,9.586257e+01 +- 9.586257e+01,9.564697e+01 +- 9.564697e+01,9.522132e+01 +- 9.522132e+01,9.552404e+01 +- 9.552404e+01,9.673074e+01 +- 9.673074e+01,9.581134e+01 +- 9.581134e+01
DTLZ7,6,1.098271e+02 +- 1.098271e+02,1.088504e+02 +- 1.088504e+02,1.097719e+02 +- 1.097719e+02,1.085545e+02 +- 1.085545e+02,1.085218e+02 +- 1.085218e+02,1.090761e+02 +- 1.090761e+02,1.080816e+02 +- 1.080816e+02,1.090264e+02 +- 1.090264e+02,1.088233e+02 +- 1.088233e+02,1.092459e+02 +- 1.092459e+02,1.094864e+02 +- 1.094864e+02
DTLZ7,7,1.147416e+02 +- 1.147416e+02,1.146424e+02 +- 1.146424e+02,1.148566e+02 +- 1.148566e+02,1.146083e+02 +- 1.146083e+02,1.145815e+02 +- 1.145815e+02,1.149259e+02 +- 1.149259e+02,1.148742e+02 +- 1.148742e+02,1.149660e+02 +- 1.149660e+02,1.145035e+02 +- 1.145035e+02,1.149282e+02 +- 1.149282e+02,1.146178e+02 +- 1.146178e+02
DTLZ7,10,,,,,,,,,,,
WFG1,2,2.116018e+01 +- 2.116018e+01,2.114347e+01 +- 2.114347e+01,2.112574e+01 +- 2.112574e+01,2.106329e+01 +- 2.106329e+01,2.109162e+01 +- 2.109162e+01,2.113679e+01 +- 2.113679e+01,2.109166e+01 +- 2.109166e+01,2.111230e+01 +- 2.111230e+01,2.119462e+01 +- 2.119462e+01,2.120094e+01 +- 2.120094e+01,2.115241e+01 +- 2.115241e+01
WFG1,3,8.098334e+01 +- 8.098334e+01,8.154609e+01 +- 8.154609e+01,8.178110e+01 +- 8.178110e+01,8.136255e+01 +- 8.136255e+01,8.125673e+01 +- 8.125673e+01,8.085057e+01 +- 8.085057e+01,8.198442e+01 +- 8.198442e+01,8.161878e+01 +- 8.161878e+01,8.113918e+01 +- 8.113918e+01,8.096075e+01 +- 8.096075e+01,8.222355e+01 +- 8.222355e+01
WFG1,4,1.024759e+02 +- 1.024759e+02,1.030042e+02 +- 1.030042e+02,1.027370e+02 +- 1.027370e+02,1.024230e+02 +- 1.024230e+02,1.023830e+02 +- 1.023830e+02,1.024246e+02 +- 1.024246e+02,1.019573e+02 +- 1.019573e+02,1.015796e+02 +- 1.015796e+02,1.021164e+02 +- 1.021164e+02,1.027454e+02 +- 1.027454e+02,1.022667e+02 +- 1.022667e+02
WFG1,5,1.063327e+02 +- 1.063327e+02,1.067328e+02 +- 1.067328e+02,1.062488e+02 +- 1.062488e+02,1.067607e+02 +- 1.067607e+02,1.075037e+02 +- 1.075037e+02,1.075037e+02 +- 1.075037e+02,1.082799e+02 +- 1.082799e+02,1.080747e+02 +- 1.080747e+02,1.010340e+02 +- 1.010340e+02,1.065783e+02 +- 1.065783e+02,1.065414e+02 +- 1.065414e+02
WFG1,6,1.030372e+02 +- 1.030372e+02,1.095660e+02 +- 1.095660e+02,1.096510e+02 +- 1.096510e+02,1.099753e+02 +- 1.099753e+02,1.100418e+02 +- 1.100418e+02,1.101040e+02 +- 1.101040e+02,1.101040e+02 +- 1.101040e+02,1.030220e+02 +- 1.030220e+02,1.084199e+02 +- 1.084199e+02,1.094858e+02 +- 1.094858e+02,1.059501e+02 +- 1.059501e+02
WFG1,7,1.123384e+02 +- 1.123384e+02,1.102978e+02 +- 1.102978e+02,1.114755e+02 +- 1.114755e+02,1.114755e+02 +- 1.114755e+02,1.114755e+02 +- 1.114755e+02,1.114755e+02 +- 1.114755e+02,1.114755e+02 +- 1.114755e+02,1.064192e+02 +- 1.064192e+02,1.120288e+02 +- 1.120288e+02,1.122759e+02 +- 1.122759e+02,1.055307e+02 +- 1.055307e+02
WFG1,10,,,,,,,,,,,
WFG2,2,2.116263e+01 +- 2.116263e+01,2.157365e+01 +- 2.157365e+01,2.205773e+01 +- 2.205773e+01,2.210199e+01 +- 2.210199e+01,2.154847e+01 +- 2.154847e+01,2.247733e+01 +- 2.247733e+01,2.166393e+01 +- 2.166393e+01,2.253720e+01 +- 2.253720e+01,2.114649e+01 +- 2.114649e+01,2.155788e+01 +- 2.155788e+01,2.215049e+01 +- 2.215049e+01
WFG2,3,7.706889e+01 +- 7.706889e+01,7.934221e+01 +- 7.934221e+01,8.067683e+01 +- 8.067683e+01,7.782096e+01 +- 7.782096e+01,7.755351e+01 +- 7.755351e+01,8.094520e+01 +- 8.094520e+01,7.745565e+01 +- 7.745565e+01,7.807362e+01 +- 7.807362e+01,7.911418e+01 +- 7.911418e+01,8.036306e+01 +- 8.036306e+01,7.944494e+01 +- 7.944494e+01
WFG2,4,8.736292e+01 +- 8.736292e+01,8.352427e+01 +- 8.352427e+01,9.076609e+01 +- 9.076609e+01,9.011256e+01 +- 9.011256e+01,8.614772e+01 +- 8.614772e+01,8.220871e+01 +- 8.220871e+01,8.905240e+01 +- 8.905240e+01,8.578999e+01 +- 8.578999e+01,8.625725e+01 +- 8.625725e+01,8.672497e+01 +- 8.672497e+01,8.803242e+01 +- 8.803242e+01
WFG2,5,9.634077e+01 +- 9.634077e+01,9.546460e+01 +- 9.546460e+01,9.625584e+01 +- 9.625584e+01,9.548511e+01 +- 9.548511e+01,9.598087e+01 +- 9.598087e+01,9.092378e+01 +- 9.092378e+01,9.137465e+01 +- 9.137465e+01,9.335261e+01 +- 9.335261e+01,9.552546e+01 +- 9.552546e+01,9.521988e+01 +- 9.521988e+01,9.920580e+01 +- 9.920580e+01
WFG2,6,1.068788e+02 +- 1.068788e+02,1.046561e+02 +- 1.046561e+02,1.080866e+02 +- 1.080866e+02,1.072995e+02 +- 1.072995e+02,1.063518e+02 +- 1.063518e+02,1.052881e+02 +- 1.052881e+02,1.054210e+02 +- 1.054210e+02,1.033182e+02 +- 1.033182e+02,1.046639e+02 +- 1.046639e+02,1.015393e+02 +- 1.015393e+02,1.024364e+02 +- 1.024364e+02
WFG2,7,1.082681e+02 +- 1.082681e+02,1.093625e+02 +- 1.093625e+02,1.108129e+02 +- 1.108129e+02,1.069646e+02 +- 1.069646e+02,1.105999e+02 +- 1.105999e+02,1.060276e+02 +- 1.060276e+02,1.107495e+02 +- 1.107495e+02,1.121355e+02 +- 1.121355e+02,1.100186e+02 +- 1.100186e+02,1.106266e+02 +- 1.106266e+02,1.109971e+02 +- 1.109971e+02
WFG2,10,,,,,,,,,,,
WFG3,2,2.291146e+01 +- 2.291146e+01,2.291851e+01 +- 2.291851e+01,2.294570e+01 +- 2.294570e+01,2.289967e+01 +- 2.289967e+01,2.288741e+01 +- 2.288741e+01,2.292911e+01 +- 2.292911e+01,2.290143e+01 +- 2.290143e+01,2.293204e+01 +- 2.293204e+01,2.289590e+01 +- 2.289590e+01,2.290140e+01 +- 2.290140e+01,2.287974e+01 +- 2.287974e+01
WFG3,3,6.785450e+01 +- 6.785450e+01,6.754893e+01 +- 6.754893e+01,6.704372e+01 +- 6.704372e+01,6.801147e+01 +- 6.801147e+01,6.954420e+01 +- 6.954420e+01,6.845422e+01 +- 6.845422e+01,6.750957e+01 +- 6.750957e+01,6.808115e+01 +- 6.808115e+01,6.620575e+01 +- 6.620575e+01,6.615559e+01 +- 6.615559e+01,6.960728e+01 +- 6.960728e+01
WFG3,4,9.996417e+01 +- 9.996417e+01,1.014764e+02 +- 1.014764e+02,9.898267e+01 +- 9.898267e+01,9.978102e+01 +- 9.978102e+01,1.005675e+02 +- 1.005675e+02,1.000968e+02 +- 1.000968e+02,1.008437e+02 +- 1.008437e+02,9.954564e+01 +- 9.954564e+01,1.003402e+02 +- 1.003402e+02,9.894418e+01 +- 9.894418e+01,9.981208e+01 +- 9.981208e+01
WFG3,5,1.103020e+02 +- 1.103020e+02,1.116318e+02 +- 1.116318e+02,1.093402e+02 +- 1.093402e+02,1.098886e+02 +- 1.098886e+02,1.104858e+02 +- 1.104858e+02,1.104580e+02 +- 1.104580e+02,1.091384e+02 +- 1.091384e+02,1.086805e+02 +- 1.086805e+02,1.089837e+02 +- 1.089837e+02,1.095900e+02 +- 1.095900e+02,1.099586e+02 +- 1.099586e+02
WFG3,6,1.149778e+02 +- 1.149778e+02,1.152468e+02 +- 1.152468e+02,1.157472e+02 +- 1.157472e+02,1.156194e+02 +- 1.156194e+02,1.150426e+02 +- 1.150426e+02,1.155922e+02 +- 1.155922e+02,1.153205e+02 +- 1.153205e+02,1.147981e+02 +- 1.147981e+02,1.153813e+02 +- 1.153813e+02,1.159813e+02 +- 1.159813e+02,1.157339e+02 +- 1.157339e+02
WFG3,7,1.140070e+02 +- 1.140070e+02,1.146296e+02 +- 1.146296e+02,1.150384e+02 +- 1.150384e+02,1.148939e+02 +- 1.148939e+02,1.148208e+02 +- 1.148208e+02,1.148208e+02 +- 1.148208e+02,1.145076e+02 +- 1.145076e+02,1.144435e+02 +- 1.144435e+02,1.154760e+02 +- 1.154760e+02,1.145616e+02 +- 1.145616e+02,1.156642e+02 +- 1.156642e+02
WFG3,10,,,,,,,,,,,
WFG4,2,2.469884e+01 +- 2.469884e+01,2.471402e+01 +- 2.471402e+01,2.472843e+01 +- 2.472843e+01,2.471261e+01 +- 2.471261e+01,2.470333e+01 +- 2.470333e+01,2.469926e+01 +- 2.469926e+01,2.471060e+01 +- 2.471060e+01,2.471721e+01 +- 2.471721e+01,2.470918e+01 +- 2.470918e+01,2.471069e+01 +- 2.471069e+01,2.469337e+01 +- 2.469337e+01
WFG4,3,1.097929e+02 +- 1.097929e+02,1.095439e+02 +- 1.095439e+02,1.094001e+02 +- 1.094001e+02,1.094793e+02 +- 1.094793e+02,1.095091e+02 +- 1.095091e+02,1.092716e+02 +- 1.092716e+02,1.094674e+02 +- 1.094674e+02,1.093802e+02 +- 1.093802e+02,1.094180e+02 +- 1.094180e+02,1.095066e+02 +- 1.095066e+02,1.099738e+02 +- 1.099738e+02
WFG4,4,1.196260e+02 +- 1.196260e+02,1.194641e+02 +- 1.194641e+02,1.195119e+02 +- 1.195119e+02,1.195119e+02 +- 1.195119e+02,1.194666e+02 +- 1.194666e+02,1.194758e+02 +- 1.194758e+02,1.194818e+02 +- 1.194818e+02,1.196019e+02 +- 1.196019e+02,1.195763e+02 +- 1.195763e+02,1.194979e+02 +- 1.194979e+02,1.196134e+02 +- 1.196134e+02
WFG4,5,1.199743e+02 +- 1.199743e+02,1.199669e+02 +- 1.199669e+02,1.199682e+02 +- 1.199682e+02,1.199588e+02 +- 1.199588e+02,1.199588e+02 +- 1.199588e+02,1.199750e+02 +- 1.199750e+02,1.199789e+02 +- 1.199789e+02,1.198918e+02 +- 1.198918e+02,1.199803e+02 +- 1.199803e+02,1.199831e+02 +- 1.199831e+02,1.199669e+02 +- 1.199669e+02
WFG4,6,1.199718e+02 +- 1.199718e+02,1.199941e+02 +- 1.199941e+02,1.199922e+02 +- 1.199922e+02,1.199925e+02 +- 1.199925e+02,1.199910e+02 +- 1.199910e+02,1.199910e+02 +- 1.199910e+02,1.199910e+02 +- 1.199910e+02,1.199910e+02 +- 1.199910e+02,1.199910e+02 +- 1.199910e+02,1.199924e+02 +- 1.199924e+02,1.199935e+02 +- 1.199935e+02
WFG4,7,1.199521e+02 +- 1.199521e+02,1.199212e+02 +- 1.199212e+02,1.199198e+02 +- 1.199198e+02,1.199205e+02 +- 1.199205e+02,1.199205e+02 +- 1.199205e+02,1.199205e+02 +- 1.199205e+02,1.199205e+02 +- 1.199205e+02,1.199205e+02 +- 1.199205e+02,1.199206e+02 +- 1.199206e+02,1.199251e+02 +- 1.199251e+02,1.199428e+02 +- 1.199428e+02
WFG4,10,,,,,,,,,,,
WFG5,2,2.401152e+01 +- 2.401152e+01,2.399686e+01 +- 2.399686e+01,2.407336e+01 +- 2.407336e+01,2.403299e+01 +- 2.403299e+01,2.405213e+01 +- 2.405213e+01,2.410018e+01 +- 2.410018e+01,2.407171e+01 +- 2.407171e+01,2.397242e+01 +- 2.397242e+01,2.402092e+01 +- 2.402092e+01,2.397721e+01 +- 2.397721e+01,2.398304e+01 +- 2.398304e+01
WFG5,3,1.082317e+02 +- 1.082317e+02,1.083675e+02 +- 1.083675e+02,1.080379e+02 +- 1.080379e+02,1.080722e+02 +- 1.080722e+02,1.080836e+02 +- 1.080836e+02,1.082707e+02 +- 1.082707e+02,1.082099e+02 +- 1.082099e+02,1.078880e+02 +- 1.078880e+02,1.081663e+02 +- 1.081663e+02,1.083676e+02 +- 1.083676e+02,1.084584e+02 +- 1.084584e+02
WFG5,4,1.192588e+02 +- 1.192588e+02,1.192055e+02 +- 1.192055e+02,1.192055e+02 +- 1.192055e+02,1.191283e+02 +- 1.191283e+02,1.191283e+02 +- 1.191283e+02,1.191283e+02 +- 1.191283e+02,1.191022e+02 +- 1.191022e+02,1.191797e+02 +- 1.191797e+02,1.191004e+02 +- 1.191004e+02,1.192747e+02 +- 1.192747e+02,1.192735e+02 +- 1.192735e+02
WFG5,5,1.198369e+02 +- 1.198369e+02,1.198369e+02 +- 1.198369e+02,1.198369e+02 +- 1.198369e+02,1.198369e+02 +- 1.198369e+02,1.198369e+02 +- 1.198369e+02,1.198369e+02 +- 1.198369e+02,1.198369e+02 +- 1.198369e+02,1.198369e+02 +- 1.198369e+02,1.198369e+02 +- 1.198369e+02,1.198369e+02 +- 1.198369e+02,1.198369e+02 +- 1.198369e+02
WFG5,6,1.198979e+02 +- 1.198979e+02,1.198979e+02 +- 1.198979e+02,1.198979e+02 +- 1.198979e+02,1.198979e+02 +- 1.198979e+02,1.198979e+02 +- 1.198979e+02,1.198979e+02 +- 1.198979e+02,1.198979e+02 +- 1.198979e+02,1.198979e+02 +- 1.198979e+02,1.198979e+02 +- 1.198979e+02,1.198979e+02 +- 1.198979e+02,1.198979e+02 +- 1.198979e+02
WFG5,7,1.199049e+02 +- 1.199049e+02,1.199049e+02 +- 1.199049e+02,1.199049e+02 +- 1.199049e+02,1.199049e+02 +- 1.199049e+02,1.199049e+02 +- 1.199049e+02,1.199049e+02 +- 1.199049e+02,1.199049e+02 +- 1.199049e+02,1.199049e+02 +- 1.199049e+02,1.199049e+02 +- 1.199049e+02,1.199049e+02 +- 1.199049e+02,1.199049e+02 +- 1.199049e+02
WFG5,10,,,,,,,,,,,
WFG6,2,2.476502e+01 +- 2.476502e+01,2.476572e+01 +- 2.476572e+01,2.474990e+01 +- 2.474990e+01,2.477585e+01 +- 2.477585e+01,2.473015e+01 +- 2.473015e+01,2.476004e+01 +- 2.476004e+01,2.476672e+01 +- 2.476672e+01,2.475103e+01 +- 2.475103e+01,2.475953e+01 +- 2.475953e+01,2.475257e+01 +- 2.475257e+01,2.477849e+01 +- 2.477849e+01
WFG6,3,1.096854e+02 +- 1.096854e+02,1.096952e+02 +- 1.096952e+02,1.099291e+02 +- 1.099291e+02,1.099192e+02 +- 1.099192e+02,1.098527e+02 +- 1.098527e+02,1.098486e+02 +- 1.098486e+02,1.094967e+02 +- 1.094967e+02,1.097113e+02 +- 1.097113e+02,1.093427e+02 +- 1.093427e+02,1.099519e+02 +- 1.099519e+02,1.100377e+02 +- 1.100377e+02
WFG6,4,1.195429e+02 +- 1.195429e+02,1.195903e+02 +- 1.195903e+02,1.195903e+02 +- 1.195903e+02,1.195859e+02 +- 1.195859e+02,1.195859e+02 +- 1.195859e+02,1.195727e+02 +- 1.195727e+02,1.195587e+02 +- 1.195587e+02,1.195633e+02 +- 1.195633e+02,1.196059e+02 +- 1.196059e+02,1.195895e+02 +- 1.195895e+02,1.196526e+02 +- 1.196526e+02
WFG6,5,1.198824e+02 +- 1.198824e+02,1.198629e+02 +- 1.198629e+02,1.198629e+02 +- 1.198629e+02,1.198629e+02 +- 1.198629e+02,1.198629e+02 +- 1.198629e+02,1.198629e+02 +- 1.198629e+02,1.198629e+02 +- 1.198629e+02,1.198629e+02 +- 1.198629e+02,1.198629e+02 +- 1.198629e+02,1.198637e+02 +- 1.198637e+02,1.198832e+02 +- 1.198832e+02
WFG6,6,1.199768e+02 +- 1.199768e+02,1.199768e+02 +- 1.199768e+02,1.199768e+02 +- 1.199768e+02,1.199768e+02 +- 1.199768e+02,1.199768e+02 +- 1.199768e+02,1.199768e+02 +- 1.199768e+02,1.199768e+02 +- 1.199768e+02,1.199768e+02 +- 1.199768e+02,1.199768e+02 +- 1.199768e+02,1.199768e+02 +- 1.199768e+02,1.199768e+02 +- 1.199768e+02
WFG6,7,1.199414e+02 +- 1.199414e+02,1.199414e+02 +- 1.199414e+02,1.199414e+02 +- 1.199414e+02,1.199414e+02 +- 1.199414e+02,1.199414e+02 +- 1.199414e+02,1.199414e+02 +- 1.199414e+02,1.199414e+02 +- 1.199414e+02,1.199414e+02 +- 1.199414e+02,1.199414e+02 +- 1.199414e+02,1.199414e+02 +- 1.199414e+02,1.199414e+02 +- 1.199414e+02
WFG6,10,,,,,,,,,,,
WFG7,2,2.475301e+01 +- 2.475301e+01,2.473717e+01 +- 2.473717e+01,2.476500e+01 +- 2.476500e+01,2.472858e+01 +- 2.472858e+01,2.474844e+01 +- 2.474844e+01,2.473494e+01 +- 2.473494e+01,2.474086e+01 +- 2.474086e+01,2.473652e+01 +- 2.473652e+01,2.474163e+01 +- 2.474163e+01,2.475040e+01 +- 2.475040e+01,2.476361e+01 +- 2.476361e+01
WFG7,3,1.099504e+02 +- 1.099504e+02,1.099216e+02 +- 1.099216e+02,1.098966e+02 +- 1.098966e+02,1.098966e+02 +- 1.098966e+02,1.098057e+02 +- 1.098057e+02,1.099010e+02 +- 1.099010e+02,1.098440e+02 +- 1.098440e+02,1.100043e+02 +- 1.100043e+02,1.098898e+02 +- 1.098898e+02,1.094826e+02 +- 1.094826e+02,1.096164e+02 +- 1.096164e+02
WFG7,4,1.196220e+02 +- 1.196220e+02,1.195382e+02 +- 1.195382e+02,1.195347e+02 +- 1.195347e+02,1.195585e+02 +- 1.195585e+02,1.195767e+02 +- 1.195767e+02,1.195543e+02 +- 1.195543e+02,1.195197e+02 +- 1.195197e+02,1.195630e+02 +- 1.195630e+02,1.195759e+02 +- 1.195759e+02,1.197251e+02 +- 1.197251e+02,1.196038e+02 +- 1.196038e+02
WFG7,5,1.198879e+02 +- 1.198879e+02,1.198705e+02 +- 1.198705e+02,1.198150e+02 +- 1.198150e+02,1.198556e+02 +- 1.198556e+02,1.198421e+02 +- 1.198421e+02,1.199014e+02 +- 1.199014e+02,1.199014e+02 +- 1.199014e+02,1.198189e+02 +- 1.198189e+02,1.198862e+02 +- 1.198862e+02,1.199233e+02 +- 1.199233e+02,1.198155e+02 +- 1.198155e+02
WFG7,6,1.199205e+02 +- 1.199205e+02,1.199694e+02 +- 1.199694e+02,1.199694e+02 +- 1.199694e+02,1.199692e+02 +- 1.199692e+02,1.199692e+02 +- 1.199692e+02,1.199713e+02 +- 1.199713e+02,1.199621e+02 +- 1.199621e+02,1.199615e+02 +- 1.199615e+02,1.199615e+02 +- 1.199615e+02,1.199553e+02 +- 1.199553e+02,1.199272e+02 +- 1.199272e+02
WFG7,7,1.199422e+02 +- 1.199422e+02,1.199068e+02 +- 1.199068e+02,1.199068e+02 +- 1.199068e+02,1.199330e+02 +- 1.199330e+02,1.199330e+02 +- 1.199330e+02,1.199330e+02 +- 1.199330e+02,1.199330e+02 +- 1.199330e+02,1.199330e+02 +- 1.199330e+02,1.199254e+02 +- 1.199254e+02,1.199252e+02 +- 1.199252e+02,1.199422e+02 +- 1.199422e+02
WFG7,10,,,,,,,,,,,
WFG8,2,2.431916e+01 +- 2.431916e+01,2.430247e+01 +- 2.430247e+01,2.413915e+01 +- 2.413915e+01,2.429499e+01 +- 2.429499e+01,2.423496e+01 +- 2.423496e+01,2.424154e+01 +- 2.424154e+01,2.416231e+01 +- 2.416231e+01,2.438259e+01 +- 2.438259e+01,2.416548e+01 +- 2.416548e+01,2.426114e+01 +- 2.426114e+01,2.413075e+01 +- 2.413075e+01
WFG8,3,1.069821e+02 +- 1.069821e+02,1.066935e+02 +- 1.066935e+02,1.063042e+02 +- 1.063042e+02,1.064949e+02 +- 1.064949e+02,1.072544e+02 +- 1.072544e+02,1.068348e+02 +- 1.068348e+02,1.059297e+02 +- 1.059297e+02,1.066402e+02 +- 1.066402e+02,1.069466e+02 +- 1.069466e+02,1.063807e+02 +- 1.063807e+02,1.067264e+02 +- 1.067264e+02
WFG8,4,1.182219e+02 +- 1.182219e+02,1.184969e+02 +- 1.184969e+02,1.182481e+02 +- 1.182481e+02,1.181756e+02 +- 1.181756e+02,1.184335e+02 +- 1.184335e+02,1.182256e+02 +- 1.182256e+02,1.183450e+02 +- 1.183450e+02,1.182667e+02 +- 1.182667e+02,1.181971e+02 +- 1.181971e+02,1.182394e+02 +- 1.182394e+02,1.181430e+02 +- 1.181430e+02
WFG8,5,1.197379e+02 +- 1.197379e+02,1.193719e+02 +- 1.193719e+02,1.193719e+02 +- 1.193719e+02,1.193719e+02 +- 1.193719e+02,1.194389e+02 +- 1.194389e+02,1.194389e+02 +- 1.194389e+02,1.193774e+02 +- 1.193774e+02,1.192576e+02 +- 1.192576e+02,1.192970e+02 +- 1.192970e+02,1.193475e+02 +- 1.193475e+02,1.194975e+02 +- 1.194975e+02
WFG8,6,1.195781e+02 +- 1.195781e+02,1.194787e+02 +- 1.194787e+02,1.194787e+02 +- 1.194787e+02,1.194787e+02 +- 1.194787e+02,1.194787e+02 +- 1.194787e+02,1.194787e+02 +- 1.194787e+02,1.194701e+02 +- 1.194701e+02,1.195759e+02 +- 1.195759e+02,1.195955e+02 +- 1.195955e+02,1.196153e+02 +- 1.196153e+02,1.195781e+02 +- 1.195781e+02
WFG8,7,1.198048e+02 +- 1.198048e+02,1.197633e+02 +- 1.197633e+02,1.197633e+02 +- 1.197633e+02,1.197633e+02 +- 1.197633e+02,1.197633e+02 +- 1.197633e+02,1.197633e+02 +- 1.197633e+02,1.197490e+02 +- 1.197490e+02,1.197490e+02 +- 1.197490e+02,1.197490e+02 +- 1.197490e+02,1.197724e+02 +- 1.197724e+02,1.197724e+02 +- 1.197724e+02
WFG8,10,,,,,,,,,,,
WFG9,2,2.370223e+01 +- 2.370223e+01,2.374242e+01 +- 2.374242e+01,2.370780e+01 +- 2.370780e+01,2.369629e+01 +- 2.369629e+01,2.370892e+01 +- 2.370892e+01,2.371628e+01 +- 2.371628e+01,2.369488e+01 +- 2.369488e+01,2.369779e+01 +- 2.369779e+01,2.371911e+01 +- 2.371911e+01,2.376651e+01 +- 2.376651e+01,2.371417e+01 +- 2.371417e+01
WFG9,3,1.082384e+02 +- 1.082384e+02,1.080293e+02 +- 1.080293e+02,1.076831e+02 +- 1.076831e+02,1.082819e+02 +- 1.082819e+02,1.078857e+02 +- 1.078857e+02,1.081257e+02 +- 1.081257e+02,1.082520e+02 +- 1.082520e+02,1.077900e+02 +- 1.077900e+02,1.078912e+02 +- 1.078912e+02,1.079293e+02 +- 1.079293e+02,1.083584e+02 +- 1.083584e+02
WFG9,4,1.191528e+02 +- 1.191528e+02,1.190629e+02 +- 1.190629e+02,1.192674e+02 +- 1.192674e+02,1.191673e+02 +- 1.191673e+02,1.193547e+02 +- 1.193547e+02,1.192216e+02 +- 1.192216e+02,1.192384e+02 +- 1.192384e+02,1.193309e+02 +- 1.193309e+02,1.192431e+02 +- 1.192431e+02,1.190984e+02 +- 1.190984e+02,1.191996e+02 +- 1.191996e+02
WFG9,5,1.198292e+02 +- 1.198292e+02,1.198378e+02 +- 1.198378e+02,1.198627e+02 +- 1.198627e+02,1.198434e+02 +- 1.198434e+02,1.198588e+02 +- 1.198588e+02,1.198558e+02 +- 1.198558e+02,1.199017e+02 +- 1.199017e+02,1.198894e+02 +- 1.198894e+02,1.198862e+02 +- 1.198862e+02,1.198628e+02 +- 1.198628e+02,1.198901e+02 +- 1.198901e+02
WFG9,6,1.198067e+02 +- 1.198067e+02,1.199341e+02 +- 1.199341e+02,1.198695e+02 +- 1.198695e+02,1.198682e+02 +- 1.198682e+02,1.198685e+02 +- 1.198685e+02,1.198714e+02 +- 1.198714e+02,1.197811e+02 +- 1.197811e+02,1.197895e+02 +- 1.197895e+02,1.197902e+02 +- 1.197902e+02,1.197763e+02 +- 1.197763e+02,1.198706e+02 +- 1.198706e+02
WFG9,7,1.197871e+02 +- 1.197871e+02,1.197585e+02 +- 1.197585e+02,1.197483e+02 +- 1.197483e+02,1.197540e+02 +- 1.197540e+02,1.197122e+02 +- 1.197122e+02,1.197109e+02 +- 1.197109e+02,1.197139e+02 +- 1.197139e+02,1.197185e+02 +- 1.197185e+02,1.197185e+02 +- 1.197185e+02,1.197201e+02 +- 1.197201e+02,1.197074e+02 +- 1.197074e+02
WFG9,10,,,,,,,,,,,
ZDT1,2,,,,,,,,,,,
ZDT2,2,,,,,,,,,,,
ZDT3,2,,,,,,,,,,,
ZDT4,2,,,,,,,,,,,
ZDT6,2,,,,,,,,,,,
